,Disease,Protein,GWAS_soucre,pQTL_source,OR_95CI,P,OR,lower,upper
,Hematologic malignancy,ABL1,FinGenn,UKBPPP,"1.7(1.1, 2.62)",0.017502484,1.7,1.1,2.62
,Hematologic malignancy,MANSC1,FinGenn,UKBPPP,"1.6(1.03, 2.49)",0.03489839,1.6,1.03,2.49
,Hematologic malignancy,KRT19,FinGenn,UKBPPP,"1.28(1.05, 1.56)",0.013112304,1.28,1.05,1.56
,Hematologic malignancy,KYNU,FinGenn,UKBPPP,"1.16(1.07, 1.26)",0.000564474,1.16,1.07,1.26
,Hematologic malignancy,PDCD1,FinGenn,UKBPPP,"1.11(1, 1.24)",0.046647317,1.11,1,1.24
,Hematologic malignancy,TCL1A,FinGenn,UKBPPP,"1.1(1.01, 1.2)",0.022008299,1.1,1.01,1.2
,Hematologic malignancy,RNASET2,FinGenn,UKBPPP,"1.08(1.01, 1.16)",0.019459729,1.08,1.01,1.16
,Hematologic malignancy,CD7,FinGenn,UKBPPP,"1.08(1, 1.16)",0.046720425,1.08,1,1.16
,Hematologic malignancy,FCGR2A,FinGenn,UKBPPP,"1.06(1.02, 1.11)",0.003336025,1.06,1.02,1.11
,Hematologic malignancy,SUSD5,FinGenn,UKBPPP,"1.06(1.01, 1.12)",0.019459595,1.06,1.01,1.12
,Hematologic malignancy,MILR1,FinGenn,UKBPPP,"1.04(1, 1.08)",0.030321187,1.04,1,1.08
,Hematologic malignancy,LAIR2,FinGenn,DECODE,"2.52(1.02, 6.22)",0.045673116,2.52,1.02,6.22
,Hematologic malignancy,LRP1,FinGenn,DECODE,"2.49(1.27, 4.88)",0.008041523,2.49,1.27,4.88
,Hematologic malignancy,TCL1A,FinGenn,DECODE,"1.16(1.03, 1.31)",0.016961888,1.16,1.03,1.31
,Hematologic malignancy,GP1BA,FinGenn,DECODE,"1.12(1, 1.26)",0.04919195,1.12,1,1.26
,Hematologic malignancy,LY9,FinGenn,DECODE,"1.07(1.01, 1.13)",0.014915298,1.07,1.01,1.13
,Hematologic malignancy,PLXNB2,FinGenn,DECODE,"1.06(1, 1.11)",0.035940015,1.06,1,1.11
,Hematologic malignancy,IGF1R,FinGenn,Fenland,"2.21(1.07, 4.54)",0.03142741,2.21,1.07,4.54
,Hematologic malignancy,KLRB1,FinGenn,Fenland,"1.78(1.12, 2.81)",0.01416337,1.78,1.12,2.81
,Hematologic malignancy,CXCL13,FinGenn,Fenland,"1.65(1.1, 2.48)",0.015920703,1.65,1.1,2.48
,Hematologic malignancy,ADM,FinGenn,Fenland,"1.59(1.08, 2.35)",0.018944545,1.59,1.08,2.35
,Hematologic malignancy,BTN2A1,FinGenn,Fenland,"1.52(1.02, 2.28)",0.041761912,1.52,1.02,2.28
,Hematologic malignancy,TNFRSF1B,FinGenn,Fenland,"1.25(1.09, 1.43)",0.001253543,1.25,1.09,1.43
,Hematologic malignancy,TCL1A,FinGenn,Fenland,"1.14(1.02, 1.27)",0.023106234,1.14,1.02,1.27
,Hematologic malignancy,CTSZ,FinGenn,Fenland,"1.14(1.01, 1.28)",0.038050787,1.14,1.01,1.28
,Hematologic malignancy,FAS,FinGenn,Fenland,"1.12(1.03, 1.22)",0.00691583,1.12,1.03,1.22
,Hematologic malignancy,RNASET2,FinGenn,Fenland,"1.07(1.01, 1.14)",0.02332264,1.07,1.01,1.14
,Hematologic malignancy,CST7,FinGenn,Fenland,"1.06(1.02, 1.11)",0.00735012,1.06,1.02,1.11
,Hematologic malignancy,ICAM1,FinGenn,Fenland,"1.03(1, 1.07)",0.035264631,1.03,1,1.07
,Hematologic malignancy,FAS,FinGenn,EPIC,"1.4(1.24, 1.59)",1.77964E-07,1.4,1.24,1.59
,Hematologic malignancy,BTN2A1,FinGenn,EPIC,"1.24(1.09, 1.4)",0.000782302,1.24,1.09,1.4
,Hematologic malignancy,LTBR,FinGenn,EPIC,"1.13(1.02, 1.26)",0.019205214,1.13,1.02,1.26
,Hematologic malignancy,TNFRSF1B,FinGenn,GWAS_meta,"1.28(1, 1.64)",0.048417287,1.28,1,1.64
,Hematologic malignancy,ADM,FinGenn,GWAS_meta,"1.18(1.03, 1.36)",0.018977236,1.18,1.03,1.36
,Hematologic malignancy,LY9,FinGenn,GWAS_meta,"1.14(1.06, 1.22)",0.000182524,1.14,1.06,1.22
,Hematologic malignancy,FAS,FinGenn,GWAS_meta,"1.11(1.03, 1.21)",0.010438713,1.11,1.03,1.21
,Hematologic malignancy,EPHB6,UKB,UKBPPP,"2.42(1.14, 5.12)",0.021386869,2.42,1.14,5.12
,Hematologic malignancy,CCL16,UKB,UKBPPP,"2.42(1.08, 5.43)",0.031495987,2.42,1.08,5.43
,Hematologic malignancy,ITGB7,UKB,UKBPPP,"2.39(1, 5.7)",0.048794369,2.39,1,5.7
,Hematologic malignancy,IQGAP2,UKB,UKBPPP,"2.38(1.04, 5.44)",0.040497699,2.38,1.04,5.44
,Hematologic malignancy,RTBDN,UKB,UKBPPP,"1.98(1.28, 3.08)",0.002189253,1.98,1.28,3.08
,Hematologic malignancy,PEAR1,UKB,UKBPPP,"1.81(1.01, 3.26)",0.045967482,1.81,1.01,3.26
,Hematologic malignancy,S100A13,UKB,UKBPPP,"1.71(1.07, 2.74)",0.024812433,1.71,1.07,2.74
,Hematologic malignancy,SUMF2,UKB,UKBPPP,"1.62(1.01, 2.6)",0.045561586,1.62,1.01,2.6
,Hematologic malignancy,TFF3,UKB,UKBPPP,"1.48(1, 2.18)",0.048097787,1.48,1,2.18
,Hematologic malignancy,SERPINF1,UKB,UKBPPP,"1.42(1.01, 2.01)",0.042801803,1.42,1.01,2.01
,Hematologic malignancy,LAMB1,UKB,UKBPPP,"1.37(1.03, 1.83)",0.029158162,1.37,1.03,1.83
,Hematologic malignancy,FCRL6,UKB,UKBPPP,"1.36(1.04, 1.77)",0.02322016,1.36,1.04,1.77
,Hematologic malignancy,RSPO1,UKB,UKBPPP,"1.2(1.05, 1.37)",0.005926122,1.2,1.05,1.37
,Hematologic malignancy,CEACAM20,UKB,UKBPPP,"1.2(1, 1.44)",0.049640203,1.2,1,1.44
,Hematologic malignancy,CRELD1,UKB,UKBPPP,"1.18(1.08, 1.28)",0.000114294,1.18,1.08,1.28
,Hematologic malignancy,FABP1,UKB,UKBPPP,"1.17(1.02, 1.33)",0.019775428,1.17,1.02,1.33
,Hematologic malignancy,TYMP,UKB,UKBPPP,"1.17(1.01, 1.37)",0.039519231,1.17,1.01,1.37
,Hematologic malignancy,CCL22,UKB,UKBPPP,"1.16(1.01, 1.34)",0.039560846,1.16,1.01,1.34
,Hematologic malignancy,PADI4,UKB,UKBPPP,"1.14(1.01, 1.3)",0.035010178,1.14,1.01,1.3
,Hematologic malignancy,KEL,UKB,UKBPPP,"1.12(1.04, 1.2)",0.003740998,1.12,1.04,1.2
,Hematologic malignancy,ASGR2,UKB,UKBPPP,"1.12(1.01, 1.23)",0.027232204,1.12,1.01,1.23
,Hematologic malignancy,CELSR2,UKB,UKBPPP,"1.09(1, 1.19)",0.048955234,1.09,1,1.19
,Hematologic malignancy,PLXNB2,UKB,UKBPPP,"1.05(1, 1.1)",0.048743971,1.05,1,1.1
,Hematologic malignancy,LILRA6,UKB,UKBPPP,"0.93(0.88, 0.99)",0.022232603,0.93,0.88,0.99
,Hematologic malignancy,CRNN,UKB,UKBPPP,"0.93(0.86, 1)",0.049188848,0.93,0.86,1
,Hematologic malignancy,IL7R,UKB,UKBPPP,"0.91(0.83, 0.99)",0.031573643,0.91,0.83,0.99
,Hematologic malignancy,ACY3,UKB,UKBPPP,"0.89(0.8, 1)",0.044034335,0.89,0.8,1
,Hematologic malignancy,SPTLC1,UKB,UKBPPP,"0.82(0.69, 0.98)",0.02679438,0.82,0.69,0.98
,Hematologic malignancy,TNFRSF1B,UKB,UKBPPP,"0.8(0.66, 0.96)",0.018171678,0.8,0.66,0.96
,Hematologic malignancy,STAT2,UKB,UKBPPP,"0.79(0.66, 0.96)",0.017751509,0.79,0.66,0.96
,Hematologic malignancy,ERBB3,UKB,UKBPPP,"0.77(0.61, 0.98)",0.031132989,0.77,0.61,0.98
,Hematologic malignancy,IMMT,UKB,UKBPPP,"0.76(0.59, 0.97)",0.029799576,0.76,0.59,0.97
,Hematologic malignancy,PLA2G2A,UKB,UKBPPP,"0.75(0.57, 0.99)",0.04226998,0.75,0.57,0.99
,Hematologic malignancy,TNFRSF11A,UKB,UKBPPP,"0.7(0.52, 0.94)",0.016942611,0.7,0.52,0.94
,Hematologic malignancy,CMC1,UKB,UKBPPP,"0.69(0.48, 1)",0.047820911,0.69,0.48,1
,Hematologic malignancy,ITIH5,UKB,UKBPPP,"0.68(0.51, 0.89)",0.005727478,0.68,0.51,0.89
,Hematologic malignancy,USP28,UKB,UKBPPP,"0.66(0.47, 0.92)",0.014215804,0.66,0.47,0.92
,Hematologic malignancy,CEACAM1,UKB,UKBPPP,"0.64(0.47, 0.86)",0.003464449,0.64,0.47,0.86
,Hematologic malignancy,FOXJ3,UKB,UKBPPP,"0.64(0.43, 0.97)",0.033585143,0.64,0.43,0.97
,Hematologic malignancy,STX7,UKB,UKBPPP,"0.62(0.4, 0.98)",0.04214693,0.62,0.4,0.98
,Hematologic malignancy,SAMD9L,UKB,UKBPPP,"0.6(0.43, 0.85)",0.003759802,0.6,0.43,0.85
,Hematologic malignancy,LILRA2,UKB,UKBPPP,"0.58(0.34, 0.97)",0.038771781,0.58,0.34,0.97
,Hematologic malignancy,SNX15,UKB,UKBPPP,"0.5(0.27, 0.93)",0.028975198,0.5,0.27,0.93
,Hematologic malignancy,DPT,UKB,UKBPPP,"0.49(0.28, 0.87)",0.013868321,0.49,0.28,0.87
,Hematologic malignancy,ANXA3,UKB,UKBPPP,"0.38(0.18, 0.82)",0.012993273,0.38,0.18,0.82
,Hematologic malignancy,KLK1,UKB,UKBPPP,"0.38(0.18, 0.8)",0.010719418,0.38,0.18,0.8
,Hematologic malignancy,LRP1,UKB,UKBPPP,"0.31(0.12, 0.8)",0.01520533,0.31,0.12,0.8
,Hematologic malignancy,RAB6B,UKB,DECODE,"2.91(1.08, 7.84)",0.03413057,2.91,1.08,7.84
,Hematologic malignancy,VWA1,UKB,DECODE,"2.43(1.21, 4.91)",0.013119502,2.43,1.21,4.91
,Hematologic malignancy,PRSS2,UKB,DECODE,"2.42(1.39, 4.21)",0.001747839,2.42,1.39,4.21
,Hematologic malignancy,MDK,UKB,DECODE,"2.16(1.17, 4.01)",0.01450521,2.16,1.17,4.01
,Hematologic malignancy,MMP7,UKB,DECODE,"1.98(1.03, 3.8)",0.039197402,1.98,1.03,3.8
,Hematologic malignancy,EPHB6,UKB,DECODE,"1.82(1.21, 2.73)",0.003803571,1.82,1.21,2.73
,Hematologic malignancy,RALB,UKB,DECODE,"1.81(1.11, 2.97)",0.018206679,1.81,1.11,2.97
,Hematologic malignancy,FCRL3,UKB,DECODE,"1.46(1.19, 1.78)",0.000221228,1.46,1.19,1.78
,Hematologic malignancy,FABP1,UKB,DECODE,"1.39(1.05, 1.84)",0.019775428,1.39,1.05,1.84
,Hematologic malignancy,CCL16,UKB,DECODE,"1.3(1.06, 1.59)",0.011440982,1.3,1.06,1.59
,Hematologic malignancy,HSPB1,UKB,DECODE,"1.28(1.01, 1.62)",0.044117217,1.28,1.01,1.62
,Hematologic malignancy,IGF2R,UKB,DECODE,"1.26(1.01, 1.59)",0.045030399,1.26,1.01,1.59
,Hematologic malignancy,RSPO1,UKB,DECODE,"1.22(1.06, 1.4)",0.005926122,1.22,1.06,1.4
,Hematologic malignancy,HBZ,UKB,DECODE,"1.17(1.02, 1.34)",0.025591095,1.17,1.02,1.34
,Hematologic malignancy,CD177,UKB,DECODE,"1.15(1.02, 1.31)",0.025977509,1.15,1.02,1.31
,Hematologic malignancy,LGMN,UKB,DECODE,"0.8(0.68, 0.95)",0.00921081,0.8,0.68,0.95
,Hematologic malignancy,ECM1,UKB,DECODE,"0.79(0.66, 0.93)",0.006344471,0.79,0.66,0.93
,Hematologic malignancy,ERBB3,UKB,DECODE,"0.74(0.57, 0.97)",0.031132989,0.74,0.57,0.97
,Hematologic malignancy,THBS2,UKB,DECODE,"0.69(0.5, 0.94)",0.017743075,0.69,0.5,0.94
,Hematologic malignancy,CPQ,UKB,DECODE,"0.69(0.48, 1)",0.04871897,0.69,0.48,1
,Hematologic malignancy,AGRN,UKB,DECODE,"0.65(0.44, 0.94)",0.021990262,0.65,0.44,0.94
,Hematologic malignancy,TNFRSF6B,UKB,DECODE,"0.45(0.22, 0.93)",0.031581922,0.45,0.22,0.93
,Hematologic malignancy,COL6A3,UKB,DECODE,"0.42(0.21, 0.85)",0.015098459,0.42,0.21,0.85
,Hematologic malignancy,RNASE6,UKB,Fenland,"1.68(1.11, 2.53)",0.013778732,1.68,1.11,2.53
,Hematologic malignancy,RARRES2,UKB,Fenland,"1.63(1.12, 2.36)",0.010221224,1.63,1.12,2.36
,Hematologic malignancy,MIA,UKB,Fenland,"1.44(1.03, 2.03)",0.0348382,1.44,1.03,2.03
,Hematologic malignancy,PDIA5,UKB,Fenland,"1.4(1.01, 1.93)",0.04138616,1.4,1.01,1.93
,Hematologic malignancy,RSPO1,UKB,Fenland,"1.24(1.06, 1.45)",0.005926122,1.24,1.06,1.45
,Hematologic malignancy,FABP1,UKB,Fenland,"1.21(1.03, 1.41)",0.019775428,1.21,1.03,1.41
,Hematologic malignancy,CCL22,UKB,Fenland,"1.16(1.02, 1.33)",0.0278721,1.16,1.02,1.33
,Hematologic malignancy,ABO,UKB,Fenland,"1.11(1.01, 1.23)",0.037099656,1.11,1.01,1.23
,Hematologic malignancy,TP53I3,UKB,Fenland,"1.1(1.03, 1.17)",0.004221081,1.1,1.03,1.17
,Hematologic malignancy,SPINT2,UKB,Fenland,"0.9(0.82, 1)",0.04431541,0.9,0.82,1
,Hematologic malignancy,MSMB,UKB,Fenland,"0.79(0.63, 0.98)",0.033447851,0.79,0.63,0.98
,Hematologic malignancy,ERBB3,UKB,Fenland,"0.77(0.61, 0.98)",0.031132989,0.77,0.61,0.98
,Hematologic malignancy,PLA2G2A,UKB,Fenland,"0.77(0.6, 0.99)",0.04226998,0.77,0.6,0.99
,Hematologic malignancy,KLK8,UKB,Fenland,"0.63(0.4, 0.99)",0.046756601,0.63,0.4,0.99
,Hematologic malignancy,FGL1,UKB,Fenland,"0.62(0.39, 0.98)",0.039803436,0.62,0.39,0.98
,Hematologic malignancy,ADGRE5,UKB,Fenland,"0.61(0.37, 1)",0.048025548,0.61,0.37,1
,Hematologic malignancy,CFH,UKB,Fenland,"0.57(0.36, 0.9)",0.015415366,0.57,0.36,0.9
,Hematologic malignancy,HBZ,UKB,Fenland,"0.52(0.34, 0.81)",0.004149172,0.52,0.34,0.81
,Hematologic malignancy,IGDCC4,UKB,EPIC,"1.12(1, 1.25)",0.047177366,1.12,1,1.25
,Hematologic malignancy,KEL,UKB,EPIC,"1.11(1.03, 1.2)",0.008535384,1.11,1.03,1.2
,Hematologic malignancy,LY9,UKB,EPIC,"1.11(1, 1.22)",0.046429554,1.11,1,1.22
,Hematologic malignancy,CTSZ,UKB,EPIC,"1.1(1.03, 1.18)",0.005386193,1.1,1.03,1.18
,Hematologic malignancy,CD300LG,UKB,EPIC,"1.09(1.01, 1.18)",0.025601839,1.09,1.01,1.18
,Hematologic malignancy,PLXNB2,UKB,EPIC,"1.07(1.03, 1.12)",0.001831924,1.07,1.03,1.12
,Hematologic malignancy,BTD,UKB,EPIC,"1.06(1.01, 1.11)",0.010387726,1.06,1.01,1.11
,Hematologic malignancy,ENO3,UKB,EPIC,"0.95(0.91, 1)",0.046278132,0.95,0.91,1
,Hematologic malignancy,ACY3,UKB,EPIC,"0.91(0.83, 1)",0.048732895,0.91,0.83,1
,Hematologic malignancy,PLG,UKB,EPIC,"0.88(0.78, 0.99)",0.03697993,0.88,0.78,0.99
,Hematologic malignancy,RNASE6,UKB,EPIC,"0.87(0.77, 0.97)",0.016060011,0.87,0.77,0.97
,Hematologic malignancy,CD177,UKB,EPIC,"0.86(0.75, 0.99)",0.033415515,0.86,0.75,0.99
,Hematologic malignancy,CDH17,UKB,EPIC,"0.86(0.74, 1)",0.047628292,0.86,0.74,1
,Hematologic malignancy,PLXDC1,UKB,EPIC,"0.84(0.74, 0.96)",0.007627164,0.84,0.74,0.96
,Hematologic malignancy,FABP1,UKB,GWAS_meta,"1.21(1.03, 1.42)",0.019775428,1.21,1.03,1.42
,Hematologic malignancy,SWAP70,UKB,GWAS_meta,"0.88(0.79, 0.99)",0.030083939,0.88,0.79,0.99
,,,,,,,,,
Mantle Cell LymphomaSDC4UKBPPP,Mantle Cell Lymphoma,SDC4,FinGenn,UKBPPP,"0.52(0.3,0.92)",0.0256,0.52,0.3,0.92
Myeloproliferative NeoplasmPRG3UKBPPP,Myeloproliferative Neoplasm,PRG3,FinGenn,UKBPPP,"0.72(0.53,0.97)",0.0331,0.72,0.53,0.97
Myeloproliferative NeoplasmFCRL3UKBPPP,Myeloproliferative Neoplasm,FCRL3,FinGenn,UKBPPP,"1.08(1.01,1.14)",0.0162,1.08,1.01,1.14
Multiple MyelomaMMP12UKBPPP,Multiple Myeloma,MMP12,FinGenn,UKBPPP,"1.15(1.03,1.29)",0.0143,1.15,1.03,1.29
Follicular LymphomaMILR1UKBPPP,Follicular Lymphoma,MILR1,FinGenn,UKBPPP,"1.15(1.05,1.27)",0.00328,1.15,1.05,1.27
Marginal Zone LymphomaCEACAM21UKBPPP,Marginal Zone Lymphoma,CEACAM21,FinGenn,UKBPPP,"1.15(1.01,1.32)",0.0374,1.15,1.01,1.32
Chronic Lymphocytic LeukemiaMILR1UKBPPP,Chronic Lymphocytic Leukemia,MILR1,FinGenn,UKBPPP,"1.17(1.04,1.32)",0.00955,1.17,1.04,1.32
Myeloproliferative NeoplasmCD27UKBPPP,Myeloproliferative Neoplasm,CD27,FinGenn,UKBPPP,"1.17(1.01,1.37)",0.0416,1.17,1.01,1.37
Myelodysplastic SyndromesSUSD5UKBPPP,Myelodysplastic Syndromes,SUSD5,FinGenn,UKBPPP,"1.18(1.01,1.38)",0.0421,1.18,1.01,1.38
Diffuse Large B-cell LymphomaTNFRSF10AUKBPPP,Diffuse Large B-cell Lymphoma,TNFRSF10A,FinGenn,UKBPPP,"1.19(1.01,1.39)",0.0337,1.19,1.01,1.39
Myeloproliferative NeoplasmGGT5UKBPPP,Myeloproliferative Neoplasm,GGT5,FinGenn,UKBPPP,"1.2(1.03,1.39)",0.0182,1.2,1.03,1.39
Polycythemia VeraANXA2UKBPPP,Polycythemia Vera,ANXA2,FinGenn,UKBPPP,"1.2(1.02,1.4)",0.0261,1.2,1.02,1.4
Myeloproliferative NeoplasmICAM3UKBPPP,Myeloproliferative Neoplasm,ICAM3,FinGenn,UKBPPP,"1.2(1.05,1.37)",0.00835,1.2,1.05,1.37
Myeloproliferative NeoplasmFCRL1UKBPPP,Myeloproliferative Neoplasm,FCRL1,FinGenn,UKBPPP,"1.22(1.05,1.41)",0.00837,1.22,1.05,1.41
Chronic Myeloid LeukemiaKAZALD1UKBPPP,Chronic Myeloid Leukemia,KAZALD1,FinGenn,UKBPPP,"1.22(1.02,1.45)",0.0308,1.22,1.02,1.45
Myeloproliferative NeoplasmCD22UKBPPP,Myeloproliferative Neoplasm,CD22,FinGenn,UKBPPP,"1.22(1.01,1.46)",0.0359,1.22,1.01,1.46
Diffuse Large B-cell LymphomaAPEX1UKBPPP,Diffuse Large B-cell Lymphoma,APEX1,FinGenn,UKBPPP,"1.22(1.01,1.47)",0.039,1.22,1.01,1.47
Follicular LymphomaCA12UKBPPP,Follicular Lymphoma,CA12,FinGenn,UKBPPP,"1.22(1.02,1.47)",0.032,1.22,1.02,1.47
Myelodysplastic SyndromesCST7UKBPPP,Myelodysplastic Syndromes,CST7,FinGenn,UKBPPP,"1.22(1.06,1.42)",0.00624,1.22,1.06,1.42
Diffuse Large B-cell LymphomaFCRL5UKBPPP,Diffuse Large B-cell Lymphoma,FCRL5,FinGenn,UKBPPP,"1.23(1.02,1.47)",0.0275,1.23,1.02,1.47
T/NK-cell LymphomaSIGLEC6UKBPPP,T/NK-cell Lymphoma,SIGLEC6,FinGenn,UKBPPP,"1.24(1.02,1.51)",0.0318,1.24,1.02,1.51
Multiple MyelomaLAYNUKBPPP,Multiple Myeloma,LAYN,FinGenn,UKBPPP,"1.24(1.02,1.51)",0.0277,1.24,1.02,1.51
Acute Myeloid LeukemiaFCGR2AUKBPPP,Acute Myeloid Leukemia,FCGR2A,FinGenn,UKBPPP,"1.26(1.01,1.57)",0.0385,1.26,1.01,1.57
Multiple MyelomaCD27UKBPPP,Multiple Myeloma,CD27,FinGenn,UKBPPP,"1.26(1.04,1.54)",0.0212,1.26,1.04,1.54
Mantle Cell LymphomaCD48UKBPPP,Mantle Cell Lymphoma,CD48,FinGenn,UKBPPP,"1.27(1.03,1.58)",0.0288,1.27,1.03,1.58
Myelodysplastic SyndromesULBP2UKBPPP,Myelodysplastic Syndromes,ULBP2,FinGenn,UKBPPP,"1.27(1.11,1.46)",0.000473,1.27,1.11,1.46
Myeloproliferative NeoplasmNECTIN2UKBPPP,Myeloproliferative Neoplasm,NECTIN2,FinGenn,UKBPPP,"1.28(1.02,1.6)",0.0332,1.28,1.02,1.6
Diffuse Large B-cell LymphomaBMPERUKBPPP,Diffuse Large B-cell Lymphoma,BMPER,FinGenn,UKBPPP,"1.28(1.03,1.6)",0.0287,1.28,1.03,1.6
Hodgkin LymphomaIL12BUKBPPP,Hodgkin Lymphoma,IL12B,FinGenn,UKBPPP,"1.3(1.09,1.54)",0.00368,1.3,1.09,1.54
Follicular LymphomaCD7UKBPPP,Follicular Lymphoma,CD7,FinGenn,UKBPPP,"1.3(1.1,1.52)",0.00168,1.3,1.1,1.52
Hodgkin LymphomaPIK3IP1UKBPPP,Hodgkin Lymphoma,PIK3IP1,FinGenn,UKBPPP,"1.3(1.01,1.67)",0.0441,1.3,1.01,1.67
Chronic Lymphocytic LeukemiaTNFRSF13CUKBPPP,Chronic Lymphocytic Leukemia,TNFRSF13C,FinGenn,UKBPPP,"1.3(1.02,1.65)",0.0338,1.3,1.02,1.65
Chronic Lymphocytic LeukemiaARSBUKBPPP,Chronic Lymphocytic Leukemia,ARSB,FinGenn,UKBPPP,"1.3(1.02,1.67)",0.034,1.3,1.02,1.67
Follicular LymphomaLTBRUKBPPP,Follicular Lymphoma,LTBR,FinGenn,UKBPPP,"1.31(1.04,1.65)",0.0222,1.31,1.04,1.65
Diffuse Large B-cell LymphomaGGT5UKBPPP,Diffuse Large B-cell Lymphoma,GGT5,FinGenn,UKBPPP,"1.31(1.07,1.6)",0.0075,1.31,1.07,1.6
Hodgkin LymphomaLRRC25UKBPPP,Hodgkin Lymphoma,LRRC25,FinGenn,UKBPPP,"1.31(1.02,1.68)",0.0323,1.31,1.02,1.68
Multiple MyelomaIL18UKBPPP,Multiple Myeloma,IL18,FinGenn,UKBPPP,"1.32(1.1,1.6)",0.00354,1.32,1.1,1.6
Polycythemia VeraTCL1AUKBPPP,Polycythemia Vera,TCL1A,FinGenn,UKBPPP,"1.33(1.02,1.74)",0.0365,1.33,1.02,1.74
Acute Myeloid LeukemiaPDCD1LG2UKBPPP,Acute Myeloid Leukemia,PDCD1LG2,FinGenn,UKBPPP,"1.34(1.03,1.73)",0.0269,1.34,1.03,1.73
Follicular LymphomaTIMD4UKBPPP,Follicular Lymphoma,TIMD4,FinGenn,UKBPPP,"1.34(1.04,1.73)",0.026,1.34,1.04,1.73
Chronic Lymphocytic LeukemiaCA12UKBPPP,Chronic Lymphocytic Leukemia,CA12,FinGenn,UKBPPP,"1.34(1.06,1.7)",0.0139,1.34,1.06,1.7
Myelodysplastic SyndromesCLEC12AUKBPPP,Myelodysplastic Syndromes,CLEC12A,FinGenn,UKBPPP,"1.35(1.06,1.71)",0.0158,1.35,1.06,1.71
Follicular LymphomaCOL18A1UKBPPP,Follicular Lymphoma,COL18A1,FinGenn,UKBPPP,"1.35(1.01,1.81)",0.0451,1.35,1.01,1.81
Diffuse Large B-cell LymphomaGFRA1UKBPPP,Diffuse Large B-cell Lymphoma,GFRA1,FinGenn,UKBPPP,"1.35(1.06,1.73)",0.0164,1.35,1.06,1.73
T/NK-cell LymphomaCD7UKBPPP,T/NK-cell Lymphoma,CD7,FinGenn,UKBPPP,"1.36(1.02,1.82)",0.035,1.36,1.02,1.82
Chronic Lymphocytic LeukemiaIL12RB1UKBPPP,Chronic Lymphocytic Leukemia,IL12RB1,FinGenn,UKBPPP,"1.37(1.06,1.76)",0.0159,1.37,1.06,1.76
Chronic Myeloid LeukemiaSUSD5UKBPPP,Chronic Myeloid Leukemia,SUSD5,FinGenn,UKBPPP,"1.37(1.03,1.81)",0.0279,1.37,1.03,1.81
Chronic Lymphocytic LeukemiaBTN2A1UKBPPP,Chronic Lymphocytic Leukemia,BTN2A1,FinGenn,UKBPPP,"1.37(1.04,1.8)",0.0255,1.37,1.04,1.8
Acute Myeloid LeukemiaLY9UKBPPP,Acute Myeloid Leukemia,LY9,FinGenn,UKBPPP,"1.38(1,1.89)",0.0468,1.38,1,1.89
Mantle Cell LymphomaDXOUKBPPP,Mantle Cell Lymphoma,DXO,FinGenn,UKBPPP,"1.38(1.02,1.87)",0.034,1.38,1.02,1.87
Hodgkin LymphomaCD7UKBPPP,Hodgkin Lymphoma,CD7,FinGenn,UKBPPP,"1.39(1.13,1.71)",0.0017,1.39,1.13,1.71
Myeloproliferative NeoplasmLAG3UKBPPP,Myeloproliferative Neoplasm,LAG3,FinGenn,UKBPPP,"1.39(1.06,1.83)",0.0165,1.39,1.06,1.83
Chronic Myeloid LeukemiaFCRL2UKBPPP,Chronic Myeloid Leukemia,FCRL2,FinGenn,UKBPPP,"1.4(1.03,1.9)",0.033,1.4,1.03,1.9
Polycythemia VeraCD22UKBPPP,Polycythemia Vera,CD22,FinGenn,UKBPPP,"1.4(1.06,1.86)",0.0183,1.4,1.06,1.86
Hodgkin LymphomaCD244UKBPPP,Hodgkin Lymphoma,CD244,FinGenn,UKBPPP,"1.41(1.11,1.79)",0.00548,1.41,1.11,1.79
Marginal Zone LymphomaLTBRUKBPPP,Marginal Zone Lymphoma,LTBR,FinGenn,UKBPPP,"1.42(1.01,2.01)",0.0456,1.42,1.01,2.01
Myelodysplastic SyndromesCAMKK1UKBPPP,Myelodysplastic Syndromes,CAMKK1,FinGenn,UKBPPP,"1.42(1.03,1.96)",0.03,1.42,1.03,1.96
Marginal Zone LymphomaTNFRSF10AUKBPPP,Marginal Zone Lymphoma,TNFRSF10A,FinGenn,UKBPPP,"1.44(1.11,1.87)",0.00683,1.44,1.11,1.87
Multiple MyelomaFASUKBPPP,Multiple Myeloma,FAS,FinGenn,UKBPPP,"1.44(1.15,1.8)",0.00121,1.44,1.15,1.8
Chronic Myeloid LeukemiaCD7UKBPPP,Chronic Myeloid Leukemia,CD7,FinGenn,UKBPPP,"1.45(1.03,2.04)",0.0348,1.45,1.03,2.04
Chronic Lymphocytic LeukemiaADGRE5UKBPPP,Chronic Lymphocytic Leukemia,ADGRE5,FinGenn,UKBPPP,"1.45(1.07,1.96)",0.0159,1.45,1.07,1.96
Myelodysplastic SyndromesPIK3IP1UKBPPP,Myelodysplastic Syndromes,PIK3IP1,FinGenn,UKBPPP,"1.45(1.12,1.9)",0.0056,1.45,1.12,1.9
Multiple MyelomaLMOD1UKBPPP,Multiple Myeloma,LMOD1,FinGenn,UKBPPP,"1.46(1.04,2.05)",0.0283,1.46,1.04,2.05
Myeloproliferative NeoplasmHYOU1UKBPPP,Myeloproliferative Neoplasm,HYOU1,FinGenn,UKBPPP,"1.48(1.12,1.95)",0.00598,1.48,1.12,1.95
Mantle Cell LymphomaTREML2UKBPPP,Mantle Cell Lymphoma,TREML2,FinGenn,UKBPPP,"1.49(1.08,2.06)",0.0157,1.49,1.08,2.06
Hodgkin LymphomaLAMP3UKBPPP,Hodgkin Lymphoma,LAMP3,FinGenn,UKBPPP,"1.49(1.05,2.1)",0.0237,1.49,1.05,2.1
Chronic Lymphocytic LeukemiaCD83UKBPPP,Chronic Lymphocytic Leukemia,CD83,FinGenn,UKBPPP,"1.5(1,2.24)",0.0494,1.5,1,2.24
Marginal Zone LymphomaEPS8L2UKBPPP,Marginal Zone Lymphoma,EPS8L2,FinGenn,UKBPPP,"1.51(1.02,2.23)",0.0407,1.51,1.02,2.23
Polycythemia VeraNECTIN2UKBPPP,Polycythemia Vera,NECTIN2,FinGenn,UKBPPP,"1.53(1.09,2.15)",0.015,1.53,1.09,2.15
Polycythemia VeraTIMD4UKBPPP,Polycythemia Vera,TIMD4,FinGenn,UKBPPP,"1.53(1.16,2.02)",0.00244,1.53,1.16,2.02
Monocytic LeukemiaPLXNB2UKBPPP,Monocytic Leukemia,PLXNB2,FinGenn,UKBPPP,"1.53(1.11,2.11)",0.00877,1.53,1.11,2.11
Diffuse Large B-cell LymphomaCRIM1UKBPPP,Diffuse Large B-cell Lymphoma,CRIM1,FinGenn,UKBPPP,"1.54(1.07,2.21)",0.0205,1.54,1.07,2.21
Myelodysplastic SyndromesTNFRSF8UKBPPP,Myelodysplastic Syndromes,TNFRSF8,FinGenn,UKBPPP,"1.54(1.02,2.33)",0.042,1.54,1.02,2.33
Diffuse Large B-cell LymphomaCD22UKBPPP,Diffuse Large B-cell Lymphoma,CD22,FinGenn,UKBPPP,"1.54(1.2,1.99)",0.000699,1.54,1.2,1.99
Chronic Myeloid LeukemiaIGFBP7UKBPPP,Chronic Myeloid Leukemia,IGFBP7,FinGenn,UKBPPP,"1.55(1.03,2.33)",0.0348,1.55,1.03,2.33
Acute Lymphoblastic LeukemiaCRELD2UKBPPP,Acute Lymphoblastic Leukemia,CRELD2,FinGenn,UKBPPP,"1.56(1,2.42)",0.0497,1.56,1,2.42
Hodgkin LymphomaAMIGO2UKBPPP,Hodgkin Lymphoma,AMIGO2,FinGenn,UKBPPP,"1.56(1,2.41)",0.0479,1.56,1,2.41
Chronic Myeloid LeukemiaNUCB2UKBPPP,Chronic Myeloid Leukemia,NUCB2,FinGenn,UKBPPP,"1.58(1.08,2.33)",0.019,1.58,1.08,2.33
Marginal Zone LymphomaBTN2A1UKBPPP,Marginal Zone Lymphoma,BTN2A1,FinGenn,UKBPPP,"1.59(1.11,2.28)",0.0108,1.59,1.11,2.28
T/NK-cell LymphomaSETMARUKBPPP,T/NK-cell Lymphoma,SETMAR,FinGenn,UKBPPP,"1.6(1.01,2.53)",0.0458,1.6,1.01,2.53
T/NK-cell LymphomaADAM8UKBPPP,T/NK-cell Lymphoma,ADAM8,FinGenn,UKBPPP,"1.6(1.06,2.42)",0.0251,1.6,1.06,2.42
Myelodysplastic SyndromesDNMBPUKBPPP,Myelodysplastic Syndromes,DNMBP,FinGenn,UKBPPP,"1.6(1.02,2.52)",0.0399,1.6,1.02,2.52
Macroglobulinemia (Waldenstr?m)TNFRSF6BUKBPPP,Macroglobulinemia (Waldenstr?m),TNFRSF6B,FinGenn,UKBPPP,"1.63(1.01,2.63)",0.0449,1.63,1.01,2.63
Marginal Zone LymphomaMARCOUKBPPP,Marginal Zone Lymphoma,MARCO,FinGenn,UKBPPP,"1.65(1.1,2.47)",0.0148,1.65,1.1,2.47
Chronic Myeloid LeukemiaCD300EUKBPPP,Chronic Myeloid Leukemia,CD300E,FinGenn,UKBPPP,"1.65(1.12,2.44)",0.012,1.65,1.12,2.44
Multiple MyelomaKRT19UKBPPP,Multiple Myeloma,KRT19,FinGenn,UKBPPP,"1.67(1.05,2.64)",0.0295,1.67,1.05,2.64
Mantle Cell LymphomaSEL1LUKBPPP,Mantle Cell Lymphoma,SEL1L,FinGenn,UKBPPP,"1.68(1.1,2.58)",0.0168,1.68,1.1,2.58
Chronic Myeloid LeukemiaCA12UKBPPP,Chronic Myeloid Leukemia,CA12,FinGenn,UKBPPP,"1.73(1.16,2.57)",0.00724,1.73,1.16,2.57
Chronic Lymphocytic LeukemiaCD72UKBPPP,Chronic Lymphocytic Leukemia,CD72,FinGenn,UKBPPP,"1.73(1.01,2.96)",0.047,1.73,1.01,2.96
Chronic Lymphocytic LeukemiaCOL4A1UKBPPP,Chronic Lymphocytic Leukemia,COL4A1,FinGenn,UKBPPP,"1.74(1.04,2.92)",0.035,1.74,1.04,2.92
Acute Myeloid LeukemiaSETMARUKBPPP,Acute Myeloid Leukemia,SETMAR,FinGenn,UKBPPP,"1.76(1.03,3.01)",0.0385,1.76,1.03,3.01
Chronic Myeloid LeukemiaCYB5R2UKBPPP,Chronic Myeloid Leukemia,CYB5R2,FinGenn,UKBPPP,"1.85(1.14,3.01)",0.0133,1.85,1.14,3.01
Chronic Myeloid LeukemiaFCRL1UKBPPP,Chronic Myeloid Leukemia,FCRL1,FinGenn,UKBPPP,"1.85(1.17,2.93)",0.00888,1.85,1.17,2.93
Acute Myeloid LeukemiaICAM3UKBPPP,Acute Myeloid Leukemia,ICAM3,FinGenn,UKBPPP,"1.92(1.25,2.94)",0.00285,1.92,1.25,2.94
Marginal Zone LymphomaICOSLGUKBPPP,Marginal Zone Lymphoma,ICOSLG,FinGenn,UKBPPP,"1.93(1.15,3.23)",0.0129,1.93,1.15,3.23
Acute Lymphoblastic LeukemiaCTSZUKBPPP,Acute Lymphoblastic Leukemia,CTSZ,FinGenn,UKBPPP,"1.95(1.06,3.58)",0.0321,1.95,1.06,3.58
T/NK-cell LymphomaCCDC50UKBPPP,T/NK-cell Lymphoma,CCDC50,FinGenn,UKBPPP,"1.97(1.01,3.84)",0.0476,1.97,1.01,3.84
Hodgkin LymphomaIGF1RUKBPPP,Hodgkin Lymphoma,IGF1R,FinGenn,UKBPPP,"2.01(1.07,3.78)",0.0291,2.01,1.07,3.78
Acute Lymphoblastic LeukemiaCCL4UKBPPP,Acute Lymphoblastic Leukemia,CCL4,FinGenn,UKBPPP,"2.03(1.08,3.83)",0.0289,2.03,1.08,3.83
Monocytic LeukemiaMOCS2UKBPPP,Monocytic Leukemia,MOCS2,FinGenn,UKBPPP,"2.03(1.26,3.28)",0.00367,2.03,1.26,3.28
Myeloproliferative NeoplasmFKBPLUKBPPP,Myeloproliferative Neoplasm,FKBPL,FinGenn,UKBPPP,"2.04(1.07,3.88)",0.0297,2.04,1.07,3.88
Multiple MyelomaPTPRCUKBPPP,Multiple Myeloma,PTPRC,FinGenn,UKBPPP,"2.06(1.1,3.85)",0.0232,2.06,1.1,3.85
Myeloproliferative NeoplasmDNAJC6UKBPPP,Myeloproliferative Neoplasm,DNAJC6,FinGenn,UKBPPP,"2.09(1.25,3.49)",0.00482,2.09,1.25,3.49
Follicular LymphomaPDZK1UKBPPP,Follicular Lymphoma,PDZK1,FinGenn,UKBPPP,"2.09(1.09,4.02)",0.0262,2.09,1.09,4.02
Mantle Cell LymphomaLILRB4UKBPPP,Mantle Cell Lymphoma,LILRB4,FinGenn,UKBPPP,"2.11(1.15,3.88)",0.0161,2.11,1.15,3.88
Marginal Zone LymphomaTNFRSF9UKBPPP,Marginal Zone Lymphoma,TNFRSF9,FinGenn,UKBPPP,"2.15(1.11,4.19)",0.0241,2.15,1.11,4.19
Diffuse Large B-cell LymphomaELOAUKBPPP,Diffuse Large B-cell Lymphoma,ELOA,FinGenn,UKBPPP,"2.17(1.03,4.58)",0.041,2.17,1.03,4.58
Chronic Lymphocytic LeukemiaFGFR2UKBPPP,Chronic Lymphocytic Leukemia,FGFR2,FinGenn,UKBPPP,"2.17(1.12,4.21)",0.0211,2.17,1.12,4.21
Acute Lymphoblastic LeukemiaNAGKUKBPPP,Acute Lymphoblastic Leukemia,NAGK,FinGenn,UKBPPP,"2.19(1.03,4.65)",0.0405,2.19,1.03,4.65
Acute Myeloid LeukemiaTCL1AUKBPPP,Acute Myeloid Leukemia,TCL1A,FinGenn,UKBPPP,"2.19(1.18,4.08)",0.013,2.19,1.18,4.08
Acute Myeloid LeukemiaCSF1UKBPPP,Acute Myeloid Leukemia,CSF1,FinGenn,UKBPPP,"2.21(1.06,4.62)",0.0342,2.21,1.06,4.62
Monocytic LeukemiaPIK3IP1UKBPPP,Monocytic Leukemia,PIK3IP1,FinGenn,UKBPPP,"2.28(1.03,5.04)",0.0414,2.28,1.03,5.04
Myeloproliferative NeoplasmCXCL13UKBPPP,Myeloproliferative Neoplasm,CXCL13,FinGenn,UKBPPP,"2.36(1.06,5.25)",0.0356,2.36,1.06,5.25
Chronic Lymphocytic LeukemiaINPP1UKBPPP,Chronic Lymphocytic Leukemia,INPP1,FinGenn,UKBPPP,"2.45(1.01,5.93)",0.0468,2.45,1.01,5.93
Chronic Lymphocytic LeukemiaPCDH17UKBPPP,Chronic Lymphocytic Leukemia,PCDH17,FinGenn,UKBPPP,"2.47(1.33,4.6)",0.00432,2.47,1.33,4.6
Macroglobulinemia (Waldenstr?m)LAG3UKBPPP,Macroglobulinemia (Waldenstr?m),LAG3,FinGenn,UKBPPP,"2.49(1.04,5.99)",0.0415,2.49,1.04,5.99
Chronic Myeloid LeukemiaSMAD3UKBPPP,Chronic Myeloid Leukemia,SMAD3,FinGenn,UKBPPP,"2.5(1.26,4.97)",0.0088,2.5,1.26,4.97
Monocytic LeukemiaGFRA1UKBPPP,Monocytic Leukemia,GFRA1,FinGenn,UKBPPP,"2.53(1,6.41)",0.0496,2.53,1,6.41
Monocytic LeukemiaCD302UKBPPP,Monocytic Leukemia,CD302,FinGenn,UKBPPP,"2.63(1.08,6.41)",0.0339,2.63,1.08,6.41
Monocytic LeukemiaTNFRSF10BUKBPPP,Monocytic Leukemia,TNFRSF10B,FinGenn,UKBPPP,"2.64(1.14,6.07)",0.0229,2.64,1.14,6.07
Polycythemia VeraDNAJC6UKBPPP,Polycythemia Vera,DNAJC6,FinGenn,UKBPPP,"2.66(1.22,5.81)",0.0141,2.66,1.22,5.81
Multiple MyelomaBLNKUKBPPP,Multiple Myeloma,BLNK,FinGenn,UKBPPP,"2.71(1.04,7.06)",0.0411,2.71,1.04,7.06
Macroglobulinemia (Waldenstr?m)HS6ST1UKBPPP,Macroglobulinemia (Waldenstr?m),HS6ST1,FinGenn,UKBPPP,"2.81(1.4,5.65)",0.0038,2.81,1.4,5.65
Diffuse Large B-cell LymphomaTOP2BUKBPPP,Diffuse Large B-cell Lymphoma,TOP2B,FinGenn,UKBPPP,"2.82(1.14,6.97)",0.0249,2.82,1.14,6.97
Myeloproliferative NeoplasmBCL2UKBPPP,Myeloproliferative Neoplasm,BCL2,FinGenn,UKBPPP,"2.92(1.2,7.06)",0.0176,2.92,1.2,7.06
Polycythemia VeraTIGARUKBPPP,Polycythemia Vera,TIGAR,FinGenn,UKBPPP,"2.94(1,8.61)",0.05,2.94,1,8.61
Hodgkin LymphomaTOP2BUKBPPP,Hodgkin Lymphoma,TOP2B,FinGenn,UKBPPP,"3.03(1.03,8.95)",0.0447,3.03,1.03,8.95
Myeloproliferative NeoplasmPARP1UKBPPP,Myeloproliferative Neoplasm,PARP1,FinGenn,UKBPPP,"3.03(2.12,4.34)",1.24E-09,3.03,2.12,4.34
Follicular LymphomaELOAUKBPPP,Follicular Lymphoma,ELOA,FinGenn,UKBPPP,"3.09(1.44,6.64)",0.00378,3.09,1.44,6.64
Acute Lymphoblastic LeukemiaIFNGR1UKBPPP,Acute Lymphoblastic Leukemia,IFNGR1,FinGenn,UKBPPP,"3.11(1.22,7.92)",0.0174,3.11,1.22,7.92
Chronic Lymphocytic LeukemiaCLSTN3UKBPPP,Chronic Lymphocytic Leukemia,CLSTN3,FinGenn,UKBPPP,"3.12(1.08,8.99)",0.0356,3.12,1.08,8.99
Acute Lymphoblastic LeukemiaADMUKBPPP,Acute Lymphoblastic Leukemia,ADM,FinGenn,UKBPPP,"3.26(1.32,8.07)",0.0107,3.26,1.32,8.07
Polycythemia VeraPARP1UKBPPP,Polycythemia Vera,PARP1,FinGenn,UKBPPP,"3.3(1.91,5.68)",0.0000179,3.3,1.91,5.68
Myeloproliferative NeoplasmABL1UKBPPP,Myeloproliferative Neoplasm,ABL1,FinGenn,UKBPPP,"3.42(1.45,8.03)",0.00483,3.42,1.45,8.03
Chronic Myeloid LeukemiaTNFRSF1BUKBPPP,Chronic Myeloid Leukemia,TNFRSF1B,FinGenn,UKBPPP,"3.54(1.15,10.83)",0.027,3.54,1.15,10.83
Macroglobulinemia (Waldenstr?m)CD164UKBPPP,Macroglobulinemia (Waldenstr?m),CD164,FinGenn,UKBPPP,"3.64(1.27,10.44)",0.0161,3.64,1.27,10.44
Chronic Lymphocytic LeukemiaERI1UKBPPP,Chronic Lymphocytic Leukemia,ERI1,FinGenn,UKBPPP,"3.79(1.06,13.55)",0.0402,3.79,1.06,13.55
Myelodysplastic SyndromesABL1UKBPPP,Myelodysplastic Syndromes,ABL1,FinGenn,UKBPPP,"4.05(1.01,16.27)",0.0484,4.05,1.01,16.27
Monocytic LeukemiaNAGKUKBPPP,Monocytic Leukemia,NAGK,FinGenn,UKBPPP,"4.08(1.4,11.89)",0.00983,4.08,1.4,11.89
Chronic Myeloid LeukemiaENAHUKBPPP,Chronic Myeloid Leukemia,ENAH,FinGenn,UKBPPP,"4.23(1.09,16.33)",0.0366,4.23,1.09,16.33
Follicular LymphomaRANBP1UKBPPP,Follicular Lymphoma,RANBP1,FinGenn,UKBPPP,"4.3(1.18,15.6)",0.0268,4.3,1.18,15.6
Hodgkin LymphomaGCHFRUKBPPP,Hodgkin Lymphoma,GCHFR,FinGenn,UKBPPP,"4.32(1.31,14.2)",0.016,4.32,1.31,14.2
Myelodysplastic SyndromesING1UKBPPP,Myelodysplastic Syndromes,ING1,FinGenn,UKBPPP,"4.78(1.34,17.11)",0.0161,4.78,1.34,17.11
Macroglobulinemia (Waldenstr?m)AARSD1UKBPPP,Macroglobulinemia (Waldenstr?m),AARSD1,FinGenn,UKBPPP,"4.94(1.13,21.61)",0.0341,4.94,1.13,21.61
Follicular LymphomaRPL14UKBPPP,Follicular Lymphoma,RPL14,FinGenn,UKBPPP,"5.19(1.34,20.08)",0.017,5.19,1.34,20.08
Chronic Lymphocytic LeukemiaRABGAP1LUKBPPP,Chronic Lymphocytic Leukemia,RABGAP1L,FinGenn,UKBPPP,"5.22(1.49,18.32)",0.00983,5.22,1.49,18.32
Monocytic LeukemiaIQGAP2UKBPPP,Monocytic Leukemia,IQGAP2,FinGenn,UKBPPP,"5.3(1.08,26.02)",0.0398,5.3,1.08,26.02
Diffuse Large B-cell LymphomaDPY30UKBPPP,Diffuse Large B-cell Lymphoma,DPY30,FinGenn,UKBPPP,"5.47(1.44,20.69)",0.0123,5.47,1.44,20.69
Monocytic LeukemiaEPHB4UKBPPP,Monocytic Leukemia,EPHB4,FinGenn,UKBPPP,"5.76(1.13,29.5)",0.0356,5.76,1.13,29.5
Polycythemia VeraBCL2UKBPPP,Polycythemia Vera,BCL2,FinGenn,UKBPPP,"6.2(1.62,23.72)",0.0077,6.2,1.62,23.72
Acute Myeloid LeukemiaTK1UKBPPP,Acute Myeloid Leukemia,TK1,FinGenn,UKBPPP,"6.24(1.62,24.02)",0.00771,6.24,1.62,24.02
Mantle Cell LymphomaCTSLUKBPPP,Mantle Cell Lymphoma,CTSL,FinGenn,UKBPPP,"6.34(1.08,37.33)",0.0412,6.34,1.08,37.33
Chronic Lymphocytic LeukemiaNBNUKBPPP,Chronic Lymphocytic Leukemia,NBN,FinGenn,UKBPPP,"6.35(1.19,33.79)",0.0301,6.35,1.19,33.79
T/NK-cell LymphomaTIGARUKBPPP,T/NK-cell Lymphoma,TIGAR,FinGenn,UKBPPP,"6.8(1.16,39.93)",0.0339,6.8,1.16,39.93
Diffuse Large B-cell LymphomaIRAG2UKBPPP,Diffuse Large B-cell Lymphoma,IRAG2,FinGenn,UKBPPP,"7.21(1.11,46.9)",0.0386,7.21,1.11,46.9
Multiple MyelomaLMNB2UKBPPP,Multiple Myeloma,LMNB2,FinGenn,UKBPPP,"7.22(1.85,28.14)",0.00439,7.22,1.85,28.14
Macroglobulinemia (Waldenstr?m)MAP2K1UKBPPP,Macroglobulinemia (Waldenstr?m),MAP2K1,FinGenn,UKBPPP,"7.45(1.29,43.09)",0.0249,7.45,1.29,43.09
Follicular LymphomaCD74UKBPPP,Follicular Lymphoma,CD74,FinGenn,UKBPPP,"7.9(1.41,44.28)",0.0188,7.9,1.41,44.28
Monocytic LeukemiaMAD1L1UKBPPP,Monocytic Leukemia,MAD1L1,FinGenn,UKBPPP,"10.24(2.2,47.67)",0.00303,10.24,2.2,47.67
Macroglobulinemia (Waldenstr?m)EFNA4UKBPPP,Macroglobulinemia (Waldenstr?m),EFNA4,FinGenn,UKBPPP,"10.31(1.29,82.44)",0.0279,10.31,1.29,82.44
Follicular LymphomaSEPTIN9UKBPPP,Follicular Lymphoma,SEPTIN9,FinGenn,UKBPPP,"10.5(2.42,45.61)",0.0017,10.5,2.42,45.61
Marginal Zone LymphomaCXCL13UKBPPP,Marginal Zone Lymphoma,CXCL13,FinGenn,UKBPPP,"11.78(1.53,90.33)",0.0177,11.78,1.53,90.33
Multiple MyelomaZNRD2UKBPPP,Multiple Myeloma,ZNRD2,FinGenn,UKBPPP,"12.57(1.32,119.83)",0.0278,12.57,1.32,119.83
Acute Myeloid LeukemiaABL1UKBPPP,Acute Myeloid Leukemia,ABL1,FinGenn,UKBPPP,"13.31(1.26,140.07)",0.0311,13.31,1.26,140.07
Multiple MyelomaSOX9UKBPPP,Multiple Myeloma,SOX9,FinGenn,UKBPPP,"13.56(1.45,126.85)",0.0223,13.56,1.45,126.85
Myelodysplastic SyndromesIGFBP4UKBPPP,Myelodysplastic Syndromes,IGFBP4,FinGenn,UKBPPP,"13.9(1.64,117.59)",0.0157,13.9,1.64,117.59
Marginal Zone LymphomaDNAJC9UKBPPP,Marginal Zone Lymphoma,DNAJC9,FinGenn,UKBPPP,"14.19(1.79,112.31)",0.012,14.19,1.79,112.31
Marginal Zone LymphomaRPL14UKBPPP,Marginal Zone Lymphoma,RPL14,FinGenn,UKBPPP,"14.47(1.53,136.72)",0.0197,14.47,1.53,136.72
Chronic Lymphocytic LeukemiaBCL2UKBPPP,Chronic Lymphocytic Leukemia,BCL2,FinGenn,UKBPPP,"15.43(3.44,69.19)",0.00035,15.43,3.44,69.19
Chronic Myeloid LeukemiaTGFBR2UKBPPP,Chronic Myeloid Leukemia,TGFBR2,FinGenn,UKBPPP,"15.85(1.53,164.52)",0.0206,15.85,1.53,164.52
Acute Lymphoblastic LeukemiaBLNKUKBPPP,Acute Lymphoblastic Leukemia,BLNK,FinGenn,UKBPPP,"21.29(1.47,307.43)",0.0248,21.29,1.47,307.43
Acute Lymphoblastic LeukemiaHMOX2UKBPPP,Acute Lymphoblastic Leukemia,HMOX2,FinGenn,UKBPPP,"24.13(1.11,526.03)",0.0429,24.13,1.11,526.03
Monocytic LeukemiaMAP2K1UKBPPP,Monocytic Leukemia,MAP2K1,FinGenn,UKBPPP,"24.74(1.63,376.08)",0.0209,24.74,1.63,376.08
T/NK-cell LymphomaPRDX3UKBPPP,T/NK-cell Lymphoma,PRDX3,FinGenn,UKBPPP,"25.53(2.73,238.49)",0.00448,25.53,2.73,238.49
Acute Myeloid LeukemiaTGFBR2UKBPPP,Acute Myeloid Leukemia,TGFBR2,FinGenn,UKBPPP,"26.63(3.84,184.88)",0.000901,26.63,3.84,184.88
Acute Lymphoblastic LeukemiaMANSC1UKBPPP,Acute Lymphoblastic Leukemia,MANSC1,FinGenn,UKBPPP,"27.62(1.62,469.94)",0.0217,27.62,1.62,469.94
Monocytic LeukemiaIGFBP2UKBPPP,Monocytic Leukemia,IGFBP2,FinGenn,UKBPPP,"34.04(1.17,990.09)",0.0402,34.04,1.17,990.09
Chronic Lymphocytic LeukemiaLRRC59UKBPPP,Chronic Lymphocytic Leukemia,LRRC59,FinGenn,UKBPPP,"35.79(2.46,521.55)",0.00886,35.79,2.46,521.55
Monocytic LeukemiaSCAMP3UKBPPP,Monocytic Leukemia,SCAMP3,FinGenn,UKBPPP,"58.91(3,1155.91)",0.00727,58.91,3,1155.91
Monocytic LeukemiaBNIP3LUKBPPP,Monocytic Leukemia,BNIP3L,FinGenn,UKBPPP,"82.12(1.01,6701.89)",0.0497,82.12,1.01,6701.89
Acute Myeloid LeukemiaPPME1UKBPPP,Acute Myeloid Leukemia,PPME1,FinGenn,UKBPPP,"146.44(2.27,9467.02)",0.0191,146.44,2.27,9467.02
Chronic Myeloid LeukemiaDFFAUKBPPP,Chronic Myeloid Leukemia,DFFA,FinGenn,UKBPPP,"152.86(2.23,10492.43)",0.0197,152.86,2.23,10492.43
Monocytic LeukemiaEZRUKBPPP,Monocytic Leukemia,EZR,FinGenn,UKBPPP,"170.98(6.68,4375.92)",0.00188,170.98,6.68,4375.92
Acute Lymphoblastic LeukemiaTANKUKBPPP,Acute Lymphoblastic Leukemia,TANK,FinGenn,UKBPPP,"191.48(2.81,13043.16)",0.0147,191.48,2.81,13043.16
Macroglobulinemia (Waldenstr?m)ZBTB17UKBPPP,Macroglobulinemia (Waldenstr?m),ZBTB17,FinGenn,UKBPPP,"229.5(5.17,10183.87)",0.00497,229.5,5.17,10183.87
Hodgkin LymphomaSNRPB2UKBPPP,Hodgkin Lymphoma,SNRPB2,FinGenn,UKBPPP,"247.84(6.84,8985.02)",0.00262,247.84,6.84,8985.02
Macroglobulinemia (Waldenstr?m)IGFBP4UKBPPP,Macroglobulinemia (Waldenstr?m),IGFBP4,FinGenn,UKBPPP,"276.49(3.49,21884.42)",0.0117,276.49,3.49,21884.42
Myelodysplastic SyndromesSSNA1UKBPPP,Myelodysplastic Syndromes,SSNA1,FinGenn,UKBPPP,"453.32(10.16,20225.83)",0.0016,453.32,10.16,20225.83
Monocytic LeukemiaSRP14UKBPPP,Monocytic Leukemia,SRP14,FinGenn,UKBPPP,"568.71(3.39,95302.96)",0.0152,568.71,3.39,95302.96
Acute Myeloid LeukemiaSSNA1UKBPPP,Acute Myeloid Leukemia,SSNA1,FinGenn,UKBPPP,"711.47(4.21,120374.71)",0.0121,711.47,4.21,120374.71
Monocytic LeukemiaIGFBP4UKBPPP,Monocytic Leukemia,IGFBP4,FinGenn,UKBPPP,"1291.61(1.98,841474.05)",0.0302,1291.61,1.98,841474.05
Mantle Cell LymphomaSNRPB2UKBPPP,Mantle Cell Lymphoma,SNRPB2,FinGenn,UKBPPP,"1888.91(1.43,2487981.79)",0.0396,1888.91,1.43,2487981.79
T/NK-cell LymphomaPRG3DECODE,T/NK-cell Lymphoma,PRG3,FinGenn,DECODE,"0.17(0.05,0.66)",0.0105,0.17,0.05,0.66
Marginal Zone LymphomaPRG3DECODE,Marginal Zone Lymphoma,PRG3,FinGenn,DECODE,"0.25(0.07,0.86)",0.0282,0.25,0.07,0.86
Myeloproliferative NeoplasmLILRB1DECODE,Myeloproliferative Neoplasm,LILRB1,FinGenn,DECODE,"1.07(1.01,1.14)",0.0317,1.07,1.01,1.14
Multiple MyelomaCST7DECODE,Multiple Myeloma,CST7,FinGenn,DECODE,"1.15(1.03,1.28)",0.0114,1.15,1.03,1.28
Myelodysplastic SyndromesCST7DECODE,Myelodysplastic Syndromes,CST7,FinGenn,DECODE,"1.15(1,1.32)",0.0497,1.15,1,1.32
Myelodysplastic SyndromesDPP7DECODE,Myelodysplastic Syndromes,DPP7,FinGenn,DECODE,"1.16(1.01,1.34)",0.0373,1.16,1.01,1.34
Mantle Cell LymphomaCLEC12ADECODE,Mantle Cell Lymphoma,CLEC12A,FinGenn,DECODE,"1.17(1.01,1.36)",0.0337,1.17,1.01,1.36
Chronic Lymphocytic LeukemiaDPP7DECODE,Chronic Lymphocytic Leukemia,DPP7,FinGenn,DECODE,"1.17(1.02,1.36)",0.0296,1.17,1.02,1.36
Follicular LymphomaCR1DECODE,Follicular Lymphoma,CR1,FinGenn,DECODE,"1.2(1.06,1.36)",0.00495,1.2,1.06,1.36
Polycythemia VeraANXA2DECODE,Polycythemia Vera,ANXA2,FinGenn,DECODE,"1.23(1.07,1.43)",0.00488,1.23,1.07,1.43
Diffuse Large B-cell LymphomaPDCD1LG2DECODE,Diffuse Large B-cell Lymphoma,PDCD1LG2,FinGenn,DECODE,"1.25(1.04,1.5)",0.0156,1.25,1.04,1.5
Hodgkin LymphomaIL12BDECODE,Hodgkin Lymphoma,IL12B,FinGenn,DECODE,"1.29(1.08,1.53)",0.00425,1.29,1.08,1.53
Myelodysplastic SyndromesREG1ADECODE,Myelodysplastic Syndromes,REG1A,FinGenn,DECODE,"1.31(1.06,1.62)",0.0109,1.31,1.06,1.62
Hodgkin LymphomaROBO1DECODE,Hodgkin Lymphoma,ROBO1,FinGenn,DECODE,"1.34(1.02,1.76)",0.0348,1.34,1.02,1.76
Marginal Zone LymphomaLILRB1DECODE,Marginal Zone Lymphoma,LILRB1,FinGenn,DECODE,"1.35(1.16,1.56)",0.0000875,1.35,1.16,1.56
Myeloproliferative NeoplasmBMPERDECODE,Myeloproliferative Neoplasm,BMPER,FinGenn,DECODE,"1.36(1.06,1.74)",0.0141,1.36,1.06,1.74
Mantle Cell LymphomaKYNUDECODE,Mantle Cell Lymphoma,KYNU,FinGenn,DECODE,"1.38(1.01,1.89)",0.0421,1.38,1.01,1.89
Marginal Zone LymphomaANXA2DECODE,Marginal Zone Lymphoma,ANXA2,FinGenn,DECODE,"1.39(1.11,1.74)",0.00386,1.39,1.11,1.74
Polycythemia VeraTIMD4DECODE,Polycythemia Vera,TIMD4,FinGenn,DECODE,"1.39(1.09,1.78)",0.00753,1.39,1.09,1.78
Marginal Zone LymphomaPLXNB2DECODE,Marginal Zone Lymphoma,PLXNB2,FinGenn,DECODE,"1.46(1.16,1.84)",0.00145,1.46,1.16,1.84
Acute Myeloid LeukemiaLY9DECODE,Acute Myeloid Leukemia,LY9,FinGenn,DECODE,"1.48(1.13,1.95)",0.0047,1.48,1.13,1.95
Myelodysplastic SyndromesTCL1ADECODE,Myelodysplastic Syndromes,TCL1A,FinGenn,DECODE,"1.5(1.02,2.22)",0.0399,1.5,1.02,2.22
Myelodysplastic SyndromesNOTCH1DECODE,Myelodysplastic Syndromes,NOTCH1,FinGenn,DECODE,"1.52(1.13,2.03)",0.00506,1.52,1.13,2.03
Mantle Cell LymphomaFASDECODE,Mantle Cell Lymphoma,FAS,FinGenn,DECODE,"1.65(1.07,2.54)",0.0229,1.65,1.07,2.54
T/NK-cell LymphomaCTSZDECODE,T/NK-cell Lymphoma,CTSZ,FinGenn,DECODE,"1.65(1.1,2.47)",0.0145,1.65,1.1,2.47
Chronic Myeloid LeukemiaCYB5R2DECODE,Chronic Myeloid Leukemia,CYB5R2,FinGenn,DECODE,"1.66(1.05,2.61)",0.0286,1.66,1.05,2.61
Acute Lymphoblastic LeukemiaSIGLEC7DECODE,Acute Lymphoblastic Leukemia,SIGLEC7,FinGenn,DECODE,"1.66(1.02,2.7)",0.0411,1.66,1.02,2.7
Macroglobulinemia (Waldenstr?m)FCRL3DECODE,Macroglobulinemia (Waldenstr?m),FCRL3,FinGenn,DECODE,"1.7(1.1,2.62)",0.0161,1.7,1.1,2.62
Follicular LymphomaMTHFD2DECODE,Follicular Lymphoma,MTHFD2,FinGenn,DECODE,"1.73(1.08,2.77)",0.0235,1.73,1.08,2.77
Myelodysplastic SyndromesSCARF2DECODE,Myelodysplastic Syndromes,SCARF2,FinGenn,DECODE,"1.89(1.07,3.33)",0.0271,1.89,1.07,3.33
Acute Lymphoblastic LeukemiaCTSZDECODE,Acute Lymphoblastic Leukemia,CTSZ,FinGenn,DECODE,"1.9(1.13,3.18)",0.0153,1.9,1.13,3.18
Chronic Lymphocytic LeukemiaTNFRSF17DECODE,Chronic Lymphocytic Leukemia,TNFRSF17,FinGenn,DECODE,"1.9(1.08,3.33)",0.0255,1.9,1.08,3.33
Mantle Cell LymphomaPCBD1DECODE,Mantle Cell Lymphoma,PCBD1,FinGenn,DECODE,"1.95(1.09,3.51)",0.0251,1.95,1.09,3.51
T/NK-cell LymphomaCD7DECODE,T/NK-cell Lymphoma,CD7,FinGenn,DECODE,"1.99(1.1,3.58)",0.0226,1.99,1.1,3.58
Marginal Zone LymphomaARHGAP25DECODE,Marginal Zone Lymphoma,ARHGAP25,FinGenn,DECODE,"1.99(1.02,3.92)",0.0449,1.99,1.02,3.92
Myeloproliferative NeoplasmTNFRSF6BDECODE,Myeloproliferative Neoplasm,TNFRSF6B,FinGenn,DECODE,"2.04(1.07,3.89)",0.0293,2.04,1.07,3.89
Multiple MyelomaIL18BPDECODE,Multiple Myeloma,IL18BP,FinGenn,DECODE,"2.07(1.05,4.07)",0.035,2.07,1.05,4.07
Monocytic LeukemiaBCAMDECODE,Monocytic Leukemia,BCAM,FinGenn,DECODE,"2.08(1.23,3.5)",0.00629,2.08,1.23,3.5
Multiple MyelomaDDX58DECODE,Multiple Myeloma,DDX58,FinGenn,DECODE,"2.14(1.26,3.61)",0.00462,2.14,1.26,3.61
Diffuse Large B-cell LymphomaIGF1RDECODE,Diffuse Large B-cell Lymphoma,IGF1R,FinGenn,DECODE,"2.28(1.14,4.56)",0.0202,2.28,1.14,4.56
Monocytic LeukemiaROR1DECODE,Monocytic Leukemia,ROR1,FinGenn,DECODE,"2.48(1.17,5.25)",0.0174,2.48,1.17,5.25
Multiple MyelomaTNFRSF6BDECODE,Multiple Myeloma,TNFRSF6B,FinGenn,DECODE,"2.61(1.12,6.09)",0.0262,2.61,1.12,6.09
Hodgkin LymphomaIL10RBDECODE,Hodgkin Lymphoma,IL10RB,FinGenn,DECODE,"2.62(1.07,6.4)",0.0345,2.62,1.07,6.4
Chronic Myeloid LeukemiaTNFRSF1BDECODE,Chronic Myeloid Leukemia,TNFRSF1B,FinGenn,DECODE,"2.81(1.09,7.26)",0.033,2.81,1.09,7.26
Multiple MyelomaPARP1DECODE,Multiple Myeloma,PARP1,FinGenn,DECODE,"2.92(1.42,6.04)",0.00376,2.92,1.42,6.04
Acute Myeloid LeukemiaTCL1ADECODE,Acute Myeloid Leukemia,TCL1A,FinGenn,DECODE,"2.93(1.4,6.15)",0.00441,2.93,1.4,6.15
Monocytic LeukemiaNAGKDECODE,Monocytic Leukemia,NAGK,FinGenn,DECODE,"2.96(1.09,8.01)",0.0331,2.96,1.09,8.01
Chronic Myeloid LeukemiaEPHB4DECODE,Chronic Myeloid Leukemia,EPHB4,FinGenn,DECODE,"3.05(1.03,9.03)",0.0436,3.05,1.03,9.03
Macroglobulinemia (Waldenstr?m)HS6ST1DECODE,Macroglobulinemia (Waldenstr?m),HS6ST1,FinGenn,DECODE,"3.35(1.34,8.37)",0.00946,3.35,1.34,8.37
Follicular LymphomaRELTDECODE,Follicular Lymphoma,RELT,FinGenn,DECODE,"4.44(1.14,17.3)",0.0317,4.44,1.14,17.3
Acute Lymphoblastic LeukemiaARSBDECODE,Acute Lymphoblastic Leukemia,ARSB,FinGenn,DECODE,"4.62(1.31,16.32)",0.0173,4.62,1.31,16.32
Mantle Cell LymphomaMAD1L1DECODE,Mantle Cell Lymphoma,MAD1L1,FinGenn,DECODE,"5.01(1.07,23.43)",0.0408,5.01,1.07,23.43
Multiple MyelomaLAYNDECODE,Multiple Myeloma,LAYN,FinGenn,DECODE,"6.26(1.49,26.32)",0.0122,6.26,1.49,26.32
Acute Myeloid LeukemiaTALDO1DECODE,Acute Myeloid Leukemia,TALDO1,FinGenn,DECODE,"6.53(2.4,17.77)",0.000236,6.53,2.4,17.77
Follicular LymphomaRANBP1DECODE,Follicular Lymphoma,RANBP1,FinGenn,DECODE,"7.04(1.46,33.89)",0.0149,7.04,1.46,33.89
Marginal Zone LymphomaBACH1DECODE,Marginal Zone Lymphoma,BACH1,FinGenn,DECODE,"7.2(1.29,40.22)",0.0245,7.2,1.29,40.22
Hodgkin LymphomaTIGARDECODE,Hodgkin Lymphoma,TIGAR,FinGenn,DECODE,"7.45(1.25,44.54)",0.0277,7.45,1.25,44.54
Acute Myeloid LeukemiaNUDT5DECODE,Acute Myeloid Leukemia,NUDT5,FinGenn,DECODE,"7.6(1.09,52.85)",0.0405,7.6,1.09,52.85
Acute Myeloid LeukemiaFKBP4DECODE,Acute Myeloid Leukemia,FKBP4,FinGenn,DECODE,"8.02(1.06,60.86)",0.044,8.02,1.06,60.86
Multiple MyelomaLRP1DECODE,Multiple Myeloma,LRP1,FinGenn,DECODE,"8.24(1.67,40.7)",0.00964,8.24,1.67,40.7
Diffuse Large B-cell LymphomaLRP1DECODE,Diffuse Large B-cell Lymphoma,LRP1,FinGenn,DECODE,"8.85(1.56,50.24)",0.0138,8.85,1.56,50.24
Monocytic LeukemiaDDX58DECODE,Monocytic Leukemia,DDX58,FinGenn,DECODE,"9.36(1.27,69.15)",0.0285,9.36,1.27,69.15
Monocytic LeukemiaEPHB4DECODE,Monocytic Leukemia,EPHB4,FinGenn,DECODE,"12.49(1.63,95.62)",0.0151,12.49,1.63,95.62
Marginal Zone LymphomaTNFRSF9DECODE,Marginal Zone Lymphoma,TNFRSF9,FinGenn,DECODE,"18.96(1,358.85)",0.0499,18.96,1,358.85
Monocytic LeukemiaMAD1L1DECODE,Monocytic Leukemia,MAD1L1,FinGenn,DECODE,"24.31(1.34,441.24)",0.031,24.31,1.34,441.24
Hodgkin LymphomaLAIR2DECODE,Hodgkin Lymphoma,LAIR2,FinGenn,DECODE,"53.82(3.16,916.45)",0.00586,53.82,3.16,916.45
T/NK-cell LymphomaPRDX3DECODE,T/NK-cell Lymphoma,PRDX3,FinGenn,DECODE,"116.04(4.57,2948.31)",0.00397,116.04,4.57,2948.31
Macroglobulinemia (Waldenstr?m)APEX1DECODE,Macroglobulinemia (Waldenstr?m),APEX1,FinGenn,DECODE,"341.57(2.71,43006.66)",0.0181,341.57,2.71,43006.66
Acute Lymphoblastic LeukemiaLAIR2DECODE,Acute Lymphoblastic Leukemia,LAIR2,FinGenn,DECODE,"649.06(1.42,295671.82)",0.0381,649.06,1.42,295671.82
Myeloproliferative NeoplasmTREML2Fenland,Myeloproliferative Neoplasm,TREML2,FinGenn,Fenland,"1.09(1.01,1.18)",0.0221,1.09,1.01,1.18
Diffuse Large B-cell LymphomaCST7Fenland,Diffuse Large B-cell Lymphoma,CST7,FinGenn,Fenland,"1.12(1,1.25)",0.0417,1.12,1,1.25
Myelodysplastic SyndromesLILRB1Fenland,Myelodysplastic Syndromes,LILRB1,FinGenn,Fenland,"1.14(1.02,1.27)",0.0218,1.14,1.02,1.27
Myelodysplastic SyndromesLY75Fenland,Myelodysplastic Syndromes,LY75,FinGenn,Fenland,"1.15(1.03,1.28)",0.0127,1.15,1.03,1.28
Follicular LymphomaRNASET2Fenland,Follicular Lymphoma,RNASET2,FinGenn,Fenland,"1.17(1,1.36)",0.0489,1.17,1,1.36
Polycythemia VeraANXA2Fenland,Polycythemia Vera,ANXA2,FinGenn,Fenland,"1.17(1.03,1.32)",0.0122,1.17,1.03,1.32
Multiple MyelomaCYB5R2Fenland,Multiple Myeloma,CYB5R2,FinGenn,Fenland,"1.21(1.02,1.43)",0.0254,1.21,1.02,1.43
Chronic Myeloid LeukemiaSWAP70Fenland,Chronic Myeloid Leukemia,SWAP70,FinGenn,Fenland,"1.24(1.02,1.5)",0.0275,1.24,1.02,1.5
Diffuse Large B-cell LymphomaMAN1A2Fenland,Diffuse Large B-cell Lymphoma,MAN1A2,FinGenn,Fenland,"1.24(1.03,1.49)",0.0201,1.24,1.03,1.49
Myelodysplastic SyndromesCST7Fenland,Myelodysplastic Syndromes,CST7,FinGenn,Fenland,"1.27(1.09,1.49)",0.00264,1.27,1.09,1.49
Marginal Zone LymphomaPLXNB2Fenland,Marginal Zone Lymphoma,PLXNB2,FinGenn,Fenland,"1.28(1.08,1.53)",0.00577,1.28,1.08,1.53
Acute Lymphoblastic LeukemiaLY75Fenland,Acute Lymphoblastic Leukemia,LY75,FinGenn,Fenland,"1.32(1.02,1.7)",0.0349,1.32,1.02,1.7
Hodgkin LymphomaIL12BFenland,Hodgkin Lymphoma,IL12B,FinGenn,Fenland,"1.35(1.14,1.6)",0.000534,1.35,1.14,1.6
Multiple MyelomaGRNFenland,Multiple Myeloma,GRN,FinGenn,Fenland,"1.37(1.02,1.82)",0.0336,1.37,1.02,1.82
Follicular LymphomaCD7Fenland,Follicular Lymphoma,CD7,FinGenn,Fenland,"1.38(1.1,1.74)",0.00579,1.38,1.1,1.74
Diffuse Large B-cell LymphomaTPP1Fenland,Diffuse Large B-cell Lymphoma,TPP1,FinGenn,Fenland,"1.48(1.09,2.02)",0.013,1.48,1.09,2.02
Marginal Zone LymphomaFASFenland,Marginal Zone Lymphoma,FAS,FinGenn,Fenland,"1.49(1.01,2.2)",0.0421,1.49,1.01,2.2
Acute Myeloid LeukemiaLY9Fenland,Acute Myeloid Leukemia,LY9,FinGenn,Fenland,"1.52(1.05,2.22)",0.027,1.52,1.05,2.22
Hodgkin LymphomaCD7Fenland,Hodgkin Lymphoma,CD7,FinGenn,Fenland,"1.56(1.17,2.09)",0.00273,1.56,1.17,2.09
Follicular LymphomaIL10RBFenland,Follicular Lymphoma,IL10RB,FinGenn,Fenland,"1.57(1.02,2.42)",0.0419,1.57,1.02,2.42
Marginal Zone LymphomaARHGAP25Fenland,Marginal Zone Lymphoma,ARHGAP25,FinGenn,Fenland,"1.6(1.01,2.54)",0.0469,1.6,1.01,2.54
Diffuse Large B-cell LymphomaBMPERFenland,Diffuse Large B-cell Lymphoma,BMPER,FinGenn,Fenland,"1.62(1.04,2.52)",0.0313,1.62,1.04,2.52
Hodgkin LymphomaTNFRSF1BFenland,Hodgkin Lymphoma,TNFRSF1B,FinGenn,Fenland,"1.65(1.09,2.49)",0.018,1.65,1.09,2.49
Follicular LymphomaADGRE5Fenland,Follicular Lymphoma,ADGRE5,FinGenn,Fenland,"1.65(1.03,2.63)",0.0355,1.65,1.03,2.63
Polycythemia VeraTIMD4Fenland,Polycythemia Vera,TIMD4,FinGenn,Fenland,"1.66(1.2,2.29)",0.00198,1.66,1.2,2.29
Follicular LymphomaTNFRSF1BFenland,Follicular Lymphoma,TNFRSF1B,FinGenn,Fenland,"1.74(1.19,2.53)",0.00412,1.74,1.19,2.53
Mantle Cell LymphomaTIMD4Fenland,Mantle Cell Lymphoma,TIMD4,FinGenn,Fenland,"1.78(1.06,2.98)",0.0301,1.78,1.06,2.98
Multiple MyelomaDDTFenland,Multiple Myeloma,DDT,FinGenn,Fenland,"1.81(1.3,2.51)",0.000394,1.81,1.3,2.51
Chronic Myeloid LeukemiaFCRL1Fenland,Chronic Myeloid Leukemia,FCRL1,FinGenn,Fenland,"1.82(1.1,3.01)",0.02,1.82,1.1,3.01
Acute Lymphoblastic LeukemiaPDCD5Fenland,Acute Lymphoblastic Leukemia,PDCD5,FinGenn,Fenland,"1.9(1.23,2.93)",0.00358,1.9,1.23,2.93
Chronic Myeloid LeukemiaCYB5R2Fenland,Chronic Myeloid Leukemia,CYB5R2,FinGenn,Fenland,"1.92(1.31,2.82)",0.000873,1.92,1.31,2.82
Macroglobulinemia (Waldenstr?m)HS6ST1Fenland,Macroglobulinemia (Waldenstr?m),HS6ST1,FinGenn,Fenland,"1.94(1.03,3.65)",0.0397,1.94,1.03,3.65
Macroglobulinemia (Waldenstr?m)CD14Fenland,Macroglobulinemia (Waldenstr?m),CD14,FinGenn,Fenland,"1.97(1.22,3.16)",0.00511,1.97,1.22,3.16
Acute Lymphoblastic LeukemiaHS6ST1Fenland,Acute Lymphoblastic Leukemia,HS6ST1,FinGenn,Fenland,"2.04(1.06,3.94)",0.0331,2.04,1.06,3.94
Marginal Zone LymphomaGP1BAFenland,Marginal Zone Lymphoma,GP1BA,FinGenn,Fenland,"2.18(1.15,4.13)",0.0163,2.18,1.15,4.13
Chronic Lymphocytic LeukemiaMAD1L1Fenland,Chronic Lymphocytic Leukemia,MAD1L1,FinGenn,Fenland,"2.22(1.12,4.4)",0.023,2.22,1.12,4.4
Acute Myeloid LeukemiaDDTFenland,Acute Myeloid Leukemia,DDT,FinGenn,Fenland,"2.24(1.08,4.64)",0.0304,2.24,1.08,4.64
Acute Lymphoblastic LeukemiaARSBFenland,Acute Lymphoblastic Leukemia,ARSB,FinGenn,Fenland,"2.33(1.2,4.51)",0.0122,2.33,1.2,4.51
Monocytic LeukemiaFASFenland,Monocytic Leukemia,FAS,FinGenn,Fenland,"2.39(1.09,5.26)",0.0297,2.39,1.09,5.26
Follicular LymphomaRELTFenland,Follicular Lymphoma,RELT,FinGenn,Fenland,"2.43(1.09,5.43)",0.03,2.43,1.09,5.43
Myelodysplastic SyndromesNUDT5Fenland,Myelodysplastic Syndromes,NUDT5,FinGenn,Fenland,"2.5(1.02,6.14)",0.0462,2.5,1.02,6.14
Acute Myeloid LeukemiaTCL1AFenland,Acute Myeloid Leukemia,TCL1A,FinGenn,Fenland,"2.59(1.1,6.07)",0.0289,2.59,1.1,6.07
Myeloproliferative NeoplasmPARP1Fenland,Myeloproliferative Neoplasm,PARP1,FinGenn,Fenland,"2.59(1.19,5.63)",0.0162,2.59,1.19,5.63
Multiple MyelomaCXCL8Fenland,Multiple Myeloma,CXCL8,FinGenn,Fenland,"2.73(1.2,6.17)",0.0161,2.73,1.2,6.17
Polycythemia VeraDNPH1Fenland,Polycythemia Vera,DNPH1,FinGenn,Fenland,"2.79(1.27,6.13)",0.0109,2.79,1.27,6.13
Chronic Myeloid LeukemiaPTNFenland,Chronic Myeloid Leukemia,PTN,FinGenn,Fenland,"2.82(1.25,6.35)",0.0124,2.82,1.25,6.35
Mantle Cell LymphomaBMPERFenland,Mantle Cell Lymphoma,BMPER,FinGenn,Fenland,"2.89(1.32,6.36)",0.00825,2.89,1.32,6.36
Hodgkin LymphomaTIGARFenland,Hodgkin Lymphoma,TIGAR,FinGenn,Fenland,"2.9(1.27,6.61)",0.0115,2.9,1.27,6.61
Multiple MyelomaLAYNFenland,Multiple Myeloma,LAYN,FinGenn,Fenland,"3.36(1.35,8.36)",0.00912,3.36,1.35,8.36
Acute Lymphoblastic LeukemiaASGR1Fenland,Acute Lymphoblastic Leukemia,ASGR1,FinGenn,Fenland,"3.42(1,11.68)",0.0499,3.42,1,11.68
Hodgkin LymphomaCXCL13Fenland,Hodgkin Lymphoma,CXCL13,FinGenn,Fenland,"3.49(1.01,12.07)",0.0482,3.49,1.01,12.07
Diffuse Large B-cell LymphomaKLRB1Fenland,Diffuse Large B-cell Lymphoma,KLRB1,FinGenn,Fenland,"3.6(1.13,11.49)",0.0308,3.6,1.13,11.49
Polycythemia VeraPARP1Fenland,Polycythemia Vera,PARP1,FinGenn,Fenland,"3.97(1.21,12.99)",0.0228,3.97,1.21,12.99
Acute Lymphoblastic LeukemiaNAGKFenland,Acute Lymphoblastic Leukemia,NAGK,FinGenn,Fenland,"4.05(1.31,12.57)",0.0154,4.05,1.31,12.57
Chronic Myeloid LeukemiaAMIGO2Fenland,Chronic Myeloid Leukemia,AMIGO2,FinGenn,Fenland,"4.38(1.34,14.31)",0.0145,4.38,1.34,14.31
Follicular LymphomaRANBP1Fenland,Follicular Lymphoma,RANBP1,FinGenn,Fenland,"4.53(1.34,15.31)",0.0149,4.53,1.34,15.31
Diffuse Large B-cell LymphomaBTN2A1Fenland,Diffuse Large B-cell Lymphoma,BTN2A1,FinGenn,Fenland,"4.59(1.67,12.63)",0.0032,4.59,1.67,12.63
Chronic Lymphocytic LeukemiaKLRB1Fenland,Chronic Lymphocytic Leukemia,KLRB1,FinGenn,Fenland,"5.03(1.15,22.09)",0.0323,5.03,1.15,22.09
Multiple MyelomaWFDC2Fenland,Multiple Myeloma,WFDC2,FinGenn,Fenland,"5.13(1.65,15.97)",0.0048,5.13,1.65,15.97
Marginal Zone LymphomaGFERFenland,Marginal Zone Lymphoma,GFER,FinGenn,Fenland,"5.98(1.09,32.86)",0.0395,5.98,1.09,32.86
Hodgkin LymphomaBAMBIFenland,Hodgkin Lymphoma,BAMBI,FinGenn,Fenland,"6.14(1.61,23.43)",0.00791,6.14,1.61,23.43
Mantle Cell LymphomaEPHB4Fenland,Mantle Cell Lymphoma,EPHB4,FinGenn,Fenland,"7.52(1.04,54.56)",0.0461,7.52,1.04,54.56
Mantle Cell LymphomaICAM2Fenland,Mantle Cell Lymphoma,ICAM2,FinGenn,Fenland,"7.82(1.19,51.28)",0.0322,7.82,1.19,51.28
Mantle Cell LymphomaADMFenland,Mantle Cell Lymphoma,ADM,FinGenn,Fenland,"9.48(1.71,52.5)",0.00999,9.48,1.71,52.5
Marginal Zone LymphomaCD83Fenland,Marginal Zone Lymphoma,CD83,FinGenn,Fenland,"9.88(1.62,60.41)",0.0131,9.88,1.62,60.41
Macroglobulinemia (Waldenstr?m)ANGPT2Fenland,Macroglobulinemia (Waldenstr?m),ANGPT2,FinGenn,Fenland,"10.1(1.57,65.09)",0.015,10.1,1.57,65.09
Follicular LymphomaBTN2A1Fenland,Follicular Lymphoma,BTN2A1,FinGenn,Fenland,"13.66(4.87,38.37)",0.000000692,13.66,4.87,38.37
Chronic Myeloid LeukemiaB2MFenland,Chronic Myeloid Leukemia,B2M,FinGenn,Fenland,"15.77(1.7,146.27)",0.0152,15.77,1.7,146.27
Acute Myeloid LeukemiaIGFBP2Fenland,Acute Myeloid Leukemia,IGFBP2,FinGenn,Fenland,"16.48(1.69,160.36)",0.0158,16.48,1.69,160.36
Monocytic LeukemiaTNFRSF1AFenland,Monocytic Leukemia,TNFRSF1A,FinGenn,Fenland,"43.96(1.51,1283.16)",0.028,43.96,1.51,1283.16
Macroglobulinemia (Waldenstr?m)TNFRSF8Fenland,Macroglobulinemia (Waldenstr?m),TNFRSF8,FinGenn,Fenland,"99.35(1.37,7204.64)",0.0354,99.35,1.37,7204.64
Acute Lymphoblastic LeukemiaIGF1RFenland,Acute Lymphoblastic Leukemia,IGF1R,FinGenn,Fenland,"210.89(1.63,27267.57)",0.031,210.89,1.63,27267.57
Acute Lymphoblastic LeukemiaTNFRSF8Fenland,Acute Lymphoblastic Leukemia,TNFRSF8,FinGenn,Fenland,"235.92(6.01,9260.77)",0.00353,235.92,6.01,9260.77
Follicular LymphomaCEACAM21EPIC,Follicular Lymphoma,CEACAM21,FinGenn,EPIC,"1.07(1,1.13)",0.0432,1.07,1,1.13
Marginal Zone LymphomaCEACAM21EPIC,Marginal Zone Lymphoma,CEACAM21,FinGenn,EPIC,"1.09(1,1.19)",0.0494,1.09,1,1.19
Myeloproliferative NeoplasmCLSTN3EPIC,Myeloproliferative Neoplasm,CLSTN3,FinGenn,EPIC,"1.1(1.01,1.21)",0.0315,1.1,1.01,1.21
Follicular LymphomaICAM1EPIC,Follicular Lymphoma,ICAM1,FinGenn,EPIC,"0.79(0.67,0.94)",0.00928,0.79,0.67,0.94
Diffuse Large B-cell LymphomaSLAMF8EPIC,Diffuse Large B-cell Lymphoma,SLAMF8,FinGenn,EPIC,"1.11(1.01,1.23)",0.0259,1.11,1.01,1.23
Myeloproliferative NeoplasmTNFRSF13CEPIC,Myeloproliferative Neoplasm,TNFRSF13C,FinGenn,EPIC,"1.12(1,1.24)",0.0456,1.12,1,1.24
Myelodysplastic SyndromesCD300LFEPIC,Myelodysplastic Syndromes,CD300LF,FinGenn,EPIC,"1.14(1.05,1.25)",0.00311,1.14,1.05,1.25
Myeloproliferative NeoplasmSIGLEC10EPIC,Myeloproliferative Neoplasm,SIGLEC10,FinGenn,EPIC,"1.14(1,1.3)",0.0434,1.14,1,1.3
Follicular LymphomaCD7EPIC,Follicular Lymphoma,CD7,FinGenn,EPIC,"1.18(1,1.39)",0.0443,1.18,1,1.39
Myeloproliferative NeoplasmROR1EPIC,Myeloproliferative Neoplasm,ROR1,FinGenn,EPIC,"1.2(1,1.44)",0.0471,1.2,1,1.44
Diffuse Large B-cell LymphomaFCRL5EPIC,Diffuse Large B-cell Lymphoma,FCRL5,FinGenn,EPIC,"1.21(1.06,1.39)",0.00594,1.21,1.06,1.39
Follicular LymphomaRELTEPIC,Follicular Lymphoma,RELT,FinGenn,EPIC,"1.23(1,1.51)",0.0499,1.23,1,1.51
Myeloproliferative NeoplasmCD2APEPIC,Myeloproliferative Neoplasm,CD2AP,FinGenn,EPIC,"1.23(1.01,1.49)",0.0357,1.23,1.01,1.49
Polycythemia VeraSIGLEC10EPIC,Polycythemia Vera,SIGLEC10,FinGenn,EPIC,"1.24(1.01,1.51)",0.0373,1.24,1.01,1.51
Myelodysplastic SyndromesULBP2EPIC,Myelodysplastic Syndromes,ULBP2,FinGenn,EPIC,"1.24(1.04,1.48)",0.0165,1.24,1.04,1.48
Multiple MyelomaDPP7EPIC,Multiple Myeloma,DPP7,FinGenn,EPIC,"1.25(1.03,1.51)",0.024,1.25,1.03,1.51
Hodgkin LymphomaCD7EPIC,Hodgkin Lymphoma,CD7,FinGenn,EPIC,"1.26(1.04,1.52)",0.0179,1.26,1.04,1.52
Acute Myeloid LeukemiaPDCD1LG2EPIC,Acute Myeloid Leukemia,PDCD1LG2,FinGenn,EPIC,"1.28(1.02,1.6)",0.0345,1.28,1.02,1.6
Hodgkin LymphomaIL12BEPIC,Hodgkin Lymphoma,IL12B,FinGenn,EPIC,"1.29(1.05,1.58)",0.015,1.29,1.05,1.58
Hodgkin LymphomaIL12A_IL12BEPIC,Hodgkin Lymphoma,IL12A_IL12B,FinGenn,EPIC,"1.29(1.05,1.59)",0.0159,1.29,1.05,1.59
Polycythemia VeraCRTAMEPIC,Polycythemia Vera,CRTAM,FinGenn,EPIC,"1.3(1.01,1.67)",0.0417,1.3,1.01,1.67
Marginal Zone LymphomaULBP2EPIC,Marginal Zone Lymphoma,ULBP2,FinGenn,EPIC,"1.3(1.02,1.66)",0.0339,1.3,1.02,1.66
Chronic Lymphocytic LeukemiaIL12RB1EPIC,Chronic Lymphocytic Leukemia,IL12RB1,FinGenn,EPIC,"1.3(1.02,1.67)",0.0331,1.3,1.02,1.67
Polycythemia VeraPDCD1LG2EPIC,Polycythemia Vera,PDCD1LG2,FinGenn,EPIC,"1.31(1.05,1.63)",0.0145,1.31,1.05,1.63
Marginal Zone LymphomaTNFRSF10AEPIC,Marginal Zone Lymphoma,TNFRSF10A,FinGenn,EPIC,"1.32(1,1.74)",0.0466,1.32,1,1.74
Myelodysplastic SyndromesCLEC12AEPIC,Myelodysplastic Syndromes,CLEC12A,FinGenn,EPIC,"1.33(1.12,1.58)",0.00121,1.33,1.12,1.58
Multiple MyelomaLAYNEPIC,Multiple Myeloma,LAYN,FinGenn,EPIC,"1.33(1.07,1.66)",0.0108,1.33,1.07,1.66
Macroglobulinemia (Waldenstr?m)LTAEPIC,Macroglobulinemia (Waldenstr?m),LTA,FinGenn,EPIC,"1.34(1.04,1.72)",0.024,1.34,1.04,1.72
Follicular LymphomaLTBREPIC,Follicular Lymphoma,LTBR,FinGenn,EPIC,"1.37(1.05,1.8)",0.0216,1.37,1.05,1.8
Diffuse Large B-cell LymphomaCD22EPIC,Diffuse Large B-cell Lymphoma,CD22,FinGenn,EPIC,"1.4(1.03,1.9)",0.0308,1.4,1.03,1.9
Chronic Lymphocytic LeukemiaB4GALT1EPIC,Chronic Lymphocytic Leukemia,B4GALT1,FinGenn,EPIC,"1.47(1.02,2.11)",0.0389,1.47,1.02,2.11
Chronic Lymphocytic LeukemiaTHOP1EPIC,Chronic Lymphocytic Leukemia,THOP1,FinGenn,EPIC,"1.48(1.07,2.03)",0.017,1.48,1.07,2.03
Monocytic LeukemiaSLAMF8EPIC,Monocytic Leukemia,SLAMF8,FinGenn,EPIC,"1.49(1.04,2.13)",0.0285,1.49,1.04,2.13
Chronic Myeloid LeukemiaNUCB2EPIC,Chronic Myeloid Leukemia,NUCB2,FinGenn,EPIC,"1.5(1.07,2.09)",0.0174,1.5,1.07,2.09
Mantle Cell LymphomaCD244EPIC,Mantle Cell Lymphoma,CD244,FinGenn,EPIC,"1.51(1,2.27)",0.0486,1.51,1,2.27
Hodgkin LymphomaFASEPIC,Hodgkin Lymphoma,FAS,FinGenn,EPIC,"1.53(1.03,2.26)",0.0331,1.53,1.03,2.26
Hodgkin LymphomaNAGKEPIC,Hodgkin Lymphoma,NAGK,FinGenn,EPIC,"1.53(1.1,2.12)",0.0111,1.53,1.1,2.12
Polycythemia VeraTIMD4EPIC,Polycythemia Vera,TIMD4,FinGenn,EPIC,"1.54(1.12,2.13)",0.00844,1.54,1.12,2.13
Mantle Cell LymphomaSEL1LEPIC,Mantle Cell Lymphoma,SEL1L,FinGenn,EPIC,"1.58(1.07,2.32)",0.0206,1.58,1.07,2.32
Chronic Lymphocytic LeukemiaAREGEPIC,Chronic Lymphocytic Leukemia,AREG,FinGenn,EPIC,"1.63(1.08,2.48)",0.0206,1.63,1.08,2.48
Acute Lymphoblastic LeukemiaSIGLEC7EPIC,Acute Lymphoblastic Leukemia,SIGLEC7,FinGenn,EPIC,"1.64(1,2.69)",0.0479,1.64,1,2.69
T/NK-cell LymphomaADAM8EPIC,T/NK-cell Lymphoma,ADAM8,FinGenn,EPIC,"1.65(1.07,2.56)",0.0234,1.65,1.07,2.56
Acute Myeloid LeukemiaICAM3EPIC,Acute Myeloid Leukemia,ICAM3,FinGenn,EPIC,"1.66(1.06,2.59)",0.0266,1.66,1.06,2.59
Monocytic LeukemiaCLSTN3EPIC,Monocytic Leukemia,CLSTN3,FinGenn,EPIC,"1.66(1.05,2.64)",0.0305,1.66,1.05,2.64
Mantle Cell LymphomaLTBREPIC,Mantle Cell Lymphoma,LTBR,FinGenn,EPIC,"1.69(1.05,2.71)",0.0302,1.69,1.05,2.71
Diffuse Large B-cell LymphomaBTN2A1EPIC,Diffuse Large B-cell Lymphoma,BTN2A1,FinGenn,EPIC,"1.75(1.3,2.36)",0.000217,1.75,1.3,2.36
Chronic Myeloid LeukemiaMILR1EPIC,Chronic Myeloid Leukemia,MILR1,FinGenn,EPIC,"1.78(1.12,2.81)",0.0138,1.78,1.12,2.81
Polycythemia VeraCSF1REPIC,Polycythemia Vera,CSF1R,FinGenn,EPIC,"1.86(1.03,3.38)",0.0405,1.86,1.03,3.38
Monocytic LeukemiaC1QAEPIC,Monocytic Leukemia,C1QA,FinGenn,EPIC,"1.89(1.12,3.19)",0.017,1.89,1.12,3.19
Follicular LymphomaFASEPIC,Follicular Lymphoma,FAS,FinGenn,EPIC,"1.91(1.38,2.65)",0.0000927,1.91,1.38,2.65
Mantle Cell LymphomaFASEPIC,Mantle Cell Lymphoma,FAS,FinGenn,EPIC,"1.95(1.09,3.47)",0.024,1.95,1.09,3.47
Acute Lymphoblastic LeukemiaTHOP1EPIC,Acute Lymphoblastic Leukemia,THOP1,FinGenn,EPIC,"1.96(1.01,3.8)",0.0476,1.96,1.01,3.8
Marginal Zone LymphomaBTN2A1EPIC,Marginal Zone Lymphoma,BTN2A1,FinGenn,EPIC,"2.06(1.27,3.33)",0.00329,2.06,1.27,3.33
Acute Lymphoblastic LeukemiaARSBEPIC,Acute Lymphoblastic Leukemia,ARSB,FinGenn,EPIC,"2.16(1.17,3.98)",0.0138,2.16,1.17,3.98
Follicular LymphomaTPP1EPIC,Follicular Lymphoma,TPP1,FinGenn,EPIC,"2.25(1.18,4.31)",0.0139,2.25,1.18,4.31
Monocytic LeukemiaBTN3A2EPIC,Monocytic Leukemia,BTN3A2,FinGenn,EPIC,"2.26(1.2,4.25)",0.0117,2.26,1.2,4.25
Chronic Lymphocytic LeukemiaFASEPIC,Chronic Lymphocytic Leukemia,FAS,FinGenn,EPIC,"2.51(1.68,3.75)",0.00000675,2.51,1.68,3.75
Acute Lymphoblastic LeukemiaPDCD5EPIC,Acute Lymphoblastic Leukemia,PDCD5,FinGenn,EPIC,"2.55(1.19,5.45)",0.0155,2.55,1.19,5.45
Marginal Zone LymphomaTPP1EPIC,Marginal Zone Lymphoma,TPP1,FinGenn,EPIC,"2.6(1.11,6.08)",0.0279,2.6,1.11,6.08
Myeloproliferative NeoplasmTREML2GWAS_meta,Myeloproliferative Neoplasm,TREML2,FinGenn,GWAS_meta,#N/A,#N/A,#N/A,#N/A,#N/A
Myeloproliferative NeoplasmCCL4GWAS_meta,Myeloproliferative Neoplasm,CCL4,FinGenn,GWAS_meta,#N/A,#N/A,#N/A,#N/A,#N/A
Multiple MyelomaLY9GWAS_meta,Multiple Myeloma,LY9,FinGenn,GWAS_meta,#N/A,#N/A,#N/A,#N/A,#N/A
Follicular LymphomaCD7GWAS_meta,Follicular Lymphoma,CD7,FinGenn,GWAS_meta,#N/A,#N/A,#N/A,#N/A,#N/A
Polycythemia VeraTREML2GWAS_meta,Polycythemia Vera,TREML2,FinGenn,GWAS_meta,#N/A,#N/A,#N/A,#N/A,#N/A
Follicular LymphomaLY9GWAS_meta,Follicular Lymphoma,LY9,FinGenn,GWAS_meta,#N/A,#N/A,#N/A,#N/A,#N/A
Hodgkin LymphomaCD7GWAS_meta,Hodgkin Lymphoma,CD7,FinGenn,GWAS_meta,#N/A,#N/A,#N/A,#N/A,#N/A
Myelodysplastic SyndromesCST7GWAS_meta,Myelodysplastic Syndromes,CST7,FinGenn,GWAS_meta,#N/A,#N/A,#N/A,#N/A,#N/A
Marginal Zone LymphomaHAVCR2GWAS_meta,Marginal Zone Lymphoma,HAVCR2,FinGenn,GWAS_meta,#N/A,#N/A,#N/A,#N/A,#N/A
Chronic Lymphocytic LeukemiaB4GALT1GWAS_meta,Chronic Lymphocytic Leukemia,B4GALT1,FinGenn,GWAS_meta,#N/A,#N/A,#N/A,#N/A,#N/A
Myeloproliferative NeoplasmPDCD1LG2GWAS_meta,Myeloproliferative Neoplasm,PDCD1LG2,FinGenn,GWAS_meta,#N/A,#N/A,#N/A,#N/A,#N/A
Hodgkin LymphomaNAGKGWAS_meta,Hodgkin Lymphoma,NAGK,FinGenn,GWAS_meta,#N/A,#N/A,#N/A,#N/A,#N/A
Polycythemia VeraCCL4GWAS_meta,Polycythemia Vera,CCL4,FinGenn,GWAS_meta,#N/A,#N/A,#N/A,#N/A,#N/A
Mantle Cell LymphomaFASGWAS_meta,Mantle Cell Lymphoma,FAS,FinGenn,GWAS_meta,#N/A,#N/A,#N/A,#N/A,#N/A
Marginal Zone LymphomaPLXNB2GWAS_meta,Marginal Zone Lymphoma,PLXNB2,FinGenn,GWAS_meta,#N/A,#N/A,#N/A,#N/A,#N/A
Follicular LymphomaFSTL1GWAS_meta,Follicular Lymphoma,FSTL1,FinGenn,GWAS_meta,#N/A,#N/A,#N/A,#N/A,#N/A
Acute Myeloid LeukemiaLY9GWAS_meta,Acute Myeloid Leukemia,LY9,FinGenn,GWAS_meta,#N/A,#N/A,#N/A,#N/A,#N/A
Hodgkin LymphomaIL12BGWAS_meta,Hodgkin Lymphoma,IL12B,FinGenn,GWAS_meta,#N/A,#N/A,#N/A,#N/A,#N/A
Chronic Myeloid LeukemiaCCL4GWAS_meta,Chronic Myeloid Leukemia,CCL4,FinGenn,GWAS_meta,#N/A,#N/A,#N/A,#N/A,#N/A
Marginal Zone LymphomaFASGWAS_meta,Marginal Zone Lymphoma,FAS,FinGenn,GWAS_meta,#N/A,#N/A,#N/A,#N/A,#N/A
Marginal Zone LymphomaLY9GWAS_meta,Marginal Zone Lymphoma,LY9,FinGenn,GWAS_meta,#N/A,#N/A,#N/A,#N/A,#N/A
Acute Myeloid LeukemiaPDCD1LG2GWAS_meta,Acute Myeloid Leukemia,PDCD1LG2,FinGenn,GWAS_meta,#N/A,#N/A,#N/A,#N/A,#N/A
Polycythemia VeraPDCD1LG2GWAS_meta,Polycythemia Vera,PDCD1LG2,FinGenn,GWAS_meta,#N/A,#N/A,#N/A,#N/A,#N/A
Marginal Zone LymphomaADGRE2GWAS_meta,Marginal Zone Lymphoma,ADGRE2,FinGenn,GWAS_meta,#N/A,#N/A,#N/A,#N/A,#N/A
Macroglobulinemia (Waldenstr?m)FCER2GWAS_meta,Macroglobulinemia (Waldenstr?m),FCER2,FinGenn,GWAS_meta,#N/A,#N/A,#N/A,#N/A,#N/A
Acute Lymphoblastic LeukemiaSIGLEC7GWAS_meta,Acute Lymphoblastic Leukemia,SIGLEC7,FinGenn,GWAS_meta,#N/A,#N/A,#N/A,#N/A,#N/A
Acute Lymphoblastic LeukemiaPDCD5GWAS_meta,Acute Lymphoblastic Leukemia,PDCD5,FinGenn,GWAS_meta,#N/A,#N/A,#N/A,#N/A,#N/A
Marginal Zone LymphomaGP1BAGWAS_meta,Marginal Zone Lymphoma,GP1BA,FinGenn,GWAS_meta,#N/A,#N/A,#N/A,#N/A,#N/A
Mantle Cell LymphomaADMGWAS_meta,Mantle Cell Lymphoma,ADM,FinGenn,GWAS_meta,#N/A,#N/A,#N/A,#N/A,#N/A
Chronic Myeloid LeukemiaIL18GWAS_meta,Chronic Myeloid Leukemia,IL18,FinGenn,GWAS_meta,#N/A,#N/A,#N/A,#N/A,#N/A
Monocytic LeukemiaFASGWAS_meta,Monocytic Leukemia,FAS,FinGenn,GWAS_meta,#N/A,#N/A,#N/A,#N/A,#N/A
Macroglobulinemia (Waldenstr?m)SEMA4CGWAS_meta,Macroglobulinemia (Waldenstr?m),SEMA4C,FinGenn,GWAS_meta,#N/A,#N/A,#N/A,#N/A,#N/A
Hodgkin LymphomaTNFRSF1BGWAS_meta,Hodgkin Lymphoma,TNFRSF1B,FinGenn,GWAS_meta,#N/A,#N/A,#N/A,#N/A,#N/A
Follicular LymphomaTNFRSF1BGWAS_meta,Follicular Lymphoma,TNFRSF1B,FinGenn,GWAS_meta,#N/A,#N/A,#N/A,#N/A,#N/A
Acute Myeloid LeukemiaCSF1GWAS_meta,Acute Myeloid Leukemia,CSF1,FinGenn,GWAS_meta,#N/A,#N/A,#N/A,#N/A,#N/A
